image_id,id,constellation,collection,providerName,providerProperties,sceneId,producer,acquisitionDate,start_datetime,end_datetime,cloudCoverage,resolution,deliveryTime,cost,incidence_angle,image_id,area,geometry,local_image_id
142,4ceb914d-344e-4b4b-a158-9d1eef0edb7b,phr,phr,oneatlas,"{'qualified': False, 'sourceIdentifier': 'DS_PHR1B_202101171013395_FR1_PX_E003N06_0511_01013', 'acquisitionStation': 'FR1', 'archivingCenter': 'FR1', 'lastUpdateDate': '2021-01-18T07:01:54Z', 'processingDate': '2021-01-17T11:51:07.011Z', 'parentIdentifier': 'DS_PHR1B_202101171013395_FR1_PX_E003N06_0511_01013', 'azimuthAngle': 179.9803092082603, 'workspaceTitle': 'Public', 'spectralRange': 'VISIBLE', 'productCategory': 'image', 'activityId': '7826ad93-165f-4c60-8009-0b267b9e47ad', 'processingLevel': 'ALBUM', 'acquisitionIdentifier': None, 'sensorType': 'OPTICAL', 'productionStatus': 'ARCHIVED', 'geometryCentroid': [3.401803220634366, 6.427892954497593], 'processorName': 'MMCAT', 'workspaceName': 'public', 'correlationId': 'mmcat_28fae3c2-7ddc-4d1e-83f9-a5bce283e835', 'publicationDate': '2021-01-17T11:56:56.644273193Z', 'illuminationElevationAngle': 52.88325624844897, 'productType': 'mono', 'expirationDate': '2022-01-17T11:56:56.64427869Z', 'workspaceId': '0e33eb50-3404-48ad-b835-b0b4b72a5625', 'incidenceAngleAcrossTrack': 22.3179972026061, 'illuminationAzimuthAngle': 137.3993126479103, 'format': 'image/jp2', 'incidenceAngleAlongTrack': -26.92067837883974, 'incidenceAngle': 33.14275571026924, 'processingCenter': 'MOC', 'archiveIdentifier': 'DS_PHR1B_202101171013395_FR1_PX_E003N06_0511_01013', 'organisationName': 'AIRBUS DS GEO', 'snowCover': 0}",4ceb914d-344e-4b4b-a158-9d1eef0edb7b,airbus,2021-01-17 10:13:39.555000+00:00,,,14.895885,0.5,HOURS,282070,33.14275571026924,0,358.427987400477,"POLYGON ((3.28807961 6.34301695, 3.30450543 6.34627974, 3.39399169 6.36337472, 3.51538388 6.38472632, 3.51554934 6.51275328, 3.4995011 6.51017297, 3.41096595 6.4952578, 3.2880571 6.4727088, 3.28807961 6.34301695))",142
52,4a541a17-cfe1-404d-9634-b548de09c1be,pneo,pneo,oneatlas,"{'qualified': False, 'lastUpdateDate': '2022-05-03T12:52:21Z', 'processingDate': '2022-04-19T12:47:04.133Z', 'azimuthAngle': 180.35675961428367, 'title': '', 'workspaceTitle': 'Workspace temporaire pour la data pneo', 'spectralRange': 'VISIBLE', 'productCategory': 'image', 'activityId': '242a5bc8-6f9f-4e3b-a53e-1c55a60f5401', 'processingLevel': 'ALBUM', 'acquisitionIdentifier': 'ACQ_PNEO4_01407502141720', 'sensorType': 'OPTICAL', 'productionStatus': 'ARCHIVED', 'geometryCentroid': {'lat': 6.4171196165410205, 'lon': 3.358577484899677}, 'processorName': 'MMCAT', 'workspaceName': 'public-pneo', 'correlationId': '877a35a0-c139-4a18-bc26-88f8e6f92018', 'publicationDate': '2022-04-19T12:52:41.965698422Z', 'illuminationElevationAngle': 69.59781601334457, 'productType': 'mono', 'expirationDate': '2032-04-30T12:52:04.893741768Z', 'workspaceId': '3e88441b-adc9-4be6-bd80-59d4fb69d5a7', 'incidenceAngleAcrossTrack': -20.773082170087303, 'illuminationAzimuthAngle': 77.06213567435712, 'format': 'image/tiff', 'incidenceAngleAlongTrack': 25.430355185859312, 'incidenceAngle': 29.650716489028888, 'processingCenter': 'MOC', 'organisationName': 'AIRBUS DS GEO', 'snowCover': 0}",4a541a17-cfe1-404d-9634-b548de09c1be,airbus,2022-04-19 10:25:08.797000+00:00,,,56.0,0.3,HOURS,523800,29.650716489028888,1,491.7905777398714,"POLYGON ((3.28315222 6.53923784, 3.28358672 6.38407592, 3.28358531 6.38311673, 3.28311218 6.27328822, 3.43359465 6.29258152, 3.43404165 6.40338073, 3.43404279 6.40434842, 3.43361166 6.56096705, 3.28315222 6.53923784))",52
54,22345908-2174-48c3-87ff-31fa5e95c2be,phr,phr,oneatlas,"{'qualified': False, 'sourceIdentifier': 'DS_PHR1B_202204041013599_FR1_PX_E003N06_0415_01804', 'acquisitionStation': 'SV1', 'archivingCenter': 'FR1', 'lastUpdateDate': '2022-04-18T16:21:26Z', 'processingDate': '2022-04-04T14:55:24.945Z', 'parentIdentifier': 'DS_PHR1B_202204041013599_FR1_PX_E003N06_0415_01804', 'azimuthAngle': 179.9688556130604, 'title': '', 'workspaceTitle': 'Public', 'spectralRange': 'VISIBLE', 'productCategory': 'image', 'activityId': 'd9bfff16-8b61-4f09-aae1-a7e6fcb97f56', 'processingLevel': 'ALBUM', 'acquisitionIdentifier': '', 'sensorType': 'OPTICAL', 'productionStatus': 'ARCHIVED', 'geometryCentroid': {'lat': 6.601888794313148, 'lon': 3.3202631298741743}, 'processorName': 'MMCAT', 'workspaceName': 'public', 'correlationId': 'afcba5bc-4b70-432e-8d74-c4900a8a73d3', 'publicationDate': '2022-04-05T12:08:35.727972686Z', 'illuminationElevationAngle': 66.1922477862341, 'productType': 'mono', 'expirationDate': '2032-04-15T15:22:13.242985442Z', 'workspaceId': '0e33eb50-3404-48ad-b835-b0b4b72a5625', 'incidenceAngleAcrossTrack': 16.46611114247612, 'illuminationAzimuthAngle': 90.57810650103428, 'format': 'image/tiff', 'incidenceAngleAlongTrack': 7.722290664011457, 'incidenceAngle': 18.01408626727683, 'processingCenter': 'MOC', 'archiveIdentifier': 'DS_PHR1B_202204041013599_FR1_PX_E003N06_0415_01804', 'organisationName': 'AIRBUS DS GEO', 'snowCover': 0}",22345908-2174-48c3-87ff-31fa5e95c2be,airbus,2022-04-04 10:13:59.930000+00:00,,,53.588798033242476,0.5,HOURS,451970,18.01408626727683,2,452.465214177985,"POLYGON ((3.22229244 6.51042928, 3.2843645 6.50903991, 3.41828728 6.50413104, 3.41863926 6.69172488, 3.35702438 6.69481132, 3.221887 6.69964013, 3.22229244 6.51042928))",54
68,39722381-a738-4850-8f7b-887c7606a32e,phr,phr,oneatlas,"{'qualified': False, 'sourceIdentifier': 'DS_PHR1B_202202231021496_FR1_PX_E003N06_0615_01769', 'acquisitionStation': 'FR1', 'archivingCenter': 'FR1', 'lastUpdateDate': '2022-03-09T13:17:08Z', 'processingDate': '2022-02-23T12:21:29.827Z', 'parentIdentifier': 'DS_PHR1B_202202231021496_FR1_PX_E003N06_0615_01769', 'azimuthAngle': 180.0287525823611, 'workspaceTitle': 'Public', 'spectralRange': 'VISIBLE', 'productCategory': 'image', 'activityId': 'a0c630e5-fa38-4d47-8c19-c278ac19d94a', 'processingLevel': 'ALBUM', 'acquisitionIdentifier': None, 'sensorType': 'OPTICAL', 'productionStatus': 'ARCHIVED', 'geometryCentroid': [3.4781115815445434, 6.600230460812207], 'processorName': 'MMCAT', 'workspaceName': 'public', 'correlationId': 'mmcat_7035dfbc723bfdbb03c436f1a050ec28', 'publicationDate': '2022-02-23T13:56:47.672797557Z', 'illuminationElevationAngle': 60.55492567083752, 'productType': 'mono', 'expirationDate': '2032-03-06T13:12:38.997562017Z', 'workspaceId': '0e33eb50-3404-48ad-b835-b0b4b72a5625', 'incidenceAngleAcrossTrack': -5.098695761881189, 'illuminationAzimuthAngle': 123.4122759274278, 'incidenceAngleAlongTrack': 14.29027259971408, 'incidenceAngle': 15.10376740555819, 'processingCenter': 'MOC', 'archiveIdentifier': 'DS_PHR1B_202202231021496_FR1_PX_E003N06_0615_01769', 'organisationName': 'AIRBUS DS GEO', 'snowCover': 0}",39722381-a738-4850-8f7b-887c7606a32e,airbus,2022-02-23 10:21:49.681000+00:00,,,40.7,0.5,HOURS,344080,15.10376740555819,3,426.47075948987043,"POLYGON ((3.38475195 6.50475329, 3.44341743 6.50660403, 3.57147121 6.50873125, 3.57143108 6.69570253, 3.49412236 6.69456584, 3.38478771 6.69129019, 3.38475195 6.50475329))",68
11,116ff917-a337-410a-8db9-c2b4002879a2,pneo,pneo,oneatlas,"{'qualified': False, 'lastUpdateDate': '2022-11-05T13:46:08.273923349Z', 'processingDate': '2022-11-05T11:48:03.263Z', 'azimuthAngle': 180.0137898788224, 'title': '', 'workspaceTitle': 'Workspace temporaire pour la data pneo', 'spectralRange': 'VISIBLE', 'productCategory': 'image', 'activityId': '375b1437-06f1-4ae6-99d8-b0c8f3cd62a1', 'processingLevel': 'ALBUM', 'acquisitionIdentifier': 'ACQ_PNEO3_02214904693989', 'sensorType': 'OPTICAL', 'productionStatus': 'ARCHIVED', 'geometryCentroid': {'lat': 6.4169744689076955, 'lon': 3.474382456836787}, 'processorName': 'MMCAT', 'workspaceName': 'public-pneo', 'correlationId': 'ae2af302-8344-48d0-a15c-911f764a58db', 'publicationDate': '2022-11-05T13:46:08.273923349Z', 'illuminationElevationAngle': 62.519538175016535, 'productType': 'mono', 'expirationDate': '2032-11-02T13:42:10.114302336Z', 'workspaceId': '3e88441b-adc9-4be6-bd80-59d4fb69d5a7', 'incidenceAngleAcrossTrack': -5.874737908439681, 'illuminationAzimuthAngle': 141.88755827652795, 'format': 'image/tiff', 'incidenceAngleAlongTrack': 11.924534121160566, 'incidenceAngle': 13.116913623490733, 'processingCenter': 'MOC', 'organisationName': 'AIRBUS DS GEO', 'snowCover': 0}",116ff917-a337-410a-8db9-c2b4002879a2,airbus,2022-11-05 10:21:03.344000+00:00,,,15.5,0.3,HOURS,415800,13.116913623490733,4,398.4547271191291,"POLYGON ((3.5392569 6.54347288, 3.40919479 6.54014763, 3.40949671 6.40964342, 3.4094961 6.40883628, 3.40914103 6.29048874, 3.53932346 6.29254164, 3.53962365 6.41150019, 3.53962388 6.41231148, 3.5392569 6.54347288))",11
91,6d80904a-54c7-4dbf-b8c7-221b0b1965c1,pneo,pneo,oneatlas,"{'qualified': False, 'lastUpdateDate': '2022-04-13T09:11:32Z', 'processingDate': '2021-11-21T12:07:02.737Z', 'azimuthAngle': 180.04895852789414, 'title': '', 'workspaceTitle': 'Workspace temporaire pour la data pneo', 'spectralRange': 'VISIBLE', 'productCategory': 'image', 'activityId': '685d87a8-85ea-4701-91f3-6a8ad5d50003', 'processingLevel': 'ALBUM', 'acquisitionIdentifier': 'ACQ_PNEO3_00837100865397', 'sensorType': 'OPTICAL', 'productionStatus': 'ARCHIVED', 'geometryCentroid': {'lat': 6.417441370015695, 'lon': 3.474088081283759}, 'processorName': 'MMCAT', 'workspaceName': 'public-pneo', 'correlationId': '202220cb-9490-4c9d-b99d-ef6aaec34e0e', 'publicationDate': '2021-12-06T13:35:17.65381498Z', 'illuminationElevationAngle': 57.38911635226279, 'productType': 'mono', 'expirationDate': '2032-04-10T09:02:44.198338902Z', 'workspaceId': '3e88441b-adc9-4be6-bd80-59d4fb69d5a7', 'incidenceAngleAcrossTrack': 29.01828855947114, 'illuminationAzimuthAngle': 142.76478213750156, 'format': 'image/tiff', 'incidenceAngleAlongTrack': 43.52878992283323, 'incidenceAngle': 45.03743207316702, 'processingCenter': 'MOC', 'organisationName': 'AIRBUS DS GEO', 'snowCover': 0}",6d80904a-54c7-4dbf-b8c7-221b0b1965c1,airbus,2021-11-21 10:10:49.374000+00:00,,,7.0,0.3,HOURS,583200,45.03743207316702,5,642.7465977477606,"POLYGON ((3.3834378 6.58795381, 3.38448373 6.35736984, 3.38448907 6.35595783, 3.38473792 6.29461474, 3.56334604 6.24695104, 3.56365978 6.30769524, 3.56366745 6.30909343, 3.56473836 6.53748921, 3.3834378 6.58795381))",91
79,c255a599-1140-4e09-9b1f-58aa503034ed,phr,phr,oneatlas,"{'commercialReference': 'SO22002515', 'qualified': False, 'sourceIdentifier': 'DS_PHR1A_202201221017138_FR1_PX_E003N06_0219_01800', 'acquisitionStation': 'FR1', 'archivingCenter': 'FR1', 'lastUpdateDate': '2022-01-23T01:13:37.56806141Z', 'processingDate': '2022-01-23T00:31:32.432', 'parentIdentifier': 'DS_PHR1A_202201221017508_FR1_PX_E003N06_0219_01804', 'azimuthAngle': 179.9699983813171, 'workspaceTitle': 'Public', 'spectralRange': 'VISIBLE', 'productCategory': 'image', 'activityId': '504b9c0f-d5d8-4eb3-9bb6-0978a885899e', 'processingLevel': 'SENSOR', 'acquisitionIdentifier': None, 'customerReference': 'C301000', 'sensorType': 'OPTICAL', 'productionStatus': 'IN_CLOUD', 'geometryCentroid': [3.162757151669739, 6.762231692674986], 'processorName': 'DRS-MM V2.9vV2.9', 'workspaceName': 'public', 'correlationId': '6e2ab4a9-40a0-4762-91c6-fd2f415159d4', 'publicationDate': '2022-01-23T01:13:37.56806141Z', 'illuminationElevationAngle': 53.62761735889865, 'productType': 'bundle', 'expirationDate': '2023-01-23T01:13:37.568072156Z', 'workspaceId': '0e33eb50-3404-48ad-b835-b0b4b72a5625', 'incidenceAngleAcrossTrack': 12.76911950390464, 'illuminationAzimuthAngle': 136.9197472962679, 'format': 'image/jp2', 'incidenceAngleAlongTrack': -9.013644728684032, 'incidenceAngle': 15.46294322621716, 'processingCenter': 'FCMUGC', 'archiveIdentifier': 'DS_PHR1A_202201221017508_FR1_PX_E003N06_0219_01804', 'organisationName': 'AIRBUS DS GEO'}",c255a599-1140-4e09-9b1f-58aa503034ed,airbus,2022-01-22 10:17:50.805000+00:00,,,0.0,0.5,MINUTES,54980,15.46294322621716,6,435.66160881772663,"POLYGON ((3.06724215 6.85300669, 3.06747609 6.66563017, 3.25811966 6.67274726, 3.25827216 6.85882747, 3.06724215 6.85300669))",79
69,d7193f1c-6be1-47a1-8dd2-f20816d9c5d5,pneo,pneo,oneatlas,"{'qualified': False, 'lastUpdateDate': '2022-03-02T10:30:02Z', 'processingDate': '2022-02-15T21:40:04.362Z', 'azimuthAngle': 179.98386629316082, 'workspaceTitle': 'Workspace temporaire pour la data pneo', 'spectralRange': 'VISIBLE', 'productCategory': 'image', 'activityId': '1158a3a9-5fe2-44af-8ae8-49512a758a8c', 'processingLevel': 'ALBUM', 'acquisitionIdentifier': 'ACQ_PNEO4_01129701581788', 'sensorType': 'OPTICAL', 'productionStatus': 'ARCHIVED', 'geometryCentroid': [3.5903029730376703, 6.415869565317313], 'processorName': 'MMCAT', 'workspaceName': 'public-pneo', 'correlationId': 'mmcat_e2804ebe6af8dd480a92a4836a7d7861', 'publicationDate': '2022-02-15T21:43:22.819989231Z', 'illuminationElevationAngle': 56.9585441791592, 'productType': 'mono', 'expirationDate': '2032-02-28T10:28:50.694107494Z', 'workspaceId': '3e88441b-adc9-4be6-bd80-59d4fb69d5a7', 'incidenceAngleAcrossTrack': 18.613280707947002, 'illuminationAzimuthAngle': 126.64527549645815, 'incidenceAngleAlongTrack': -11.331635419722248, 'incidenceAngle': 20.923368845157995, 'processingCenter': 'MOC', 'organisationName': 'AIRBUS DS GEO', 'snowCover': 0}",d7193f1c-6be1-47a1-8dd2-f20816d9c5d5,airbus,2022-02-15 10:13:02.500000+00:00,,,16.2,0.3,HOURS,52200,20.923368845157995,7,443.2688750239738,"POLYGON ((3.51952869 6.54058468, 3.51932443 6.4045961, 3.51932643 6.40375588, 3.51990956 6.28359361, 3.66095858 6.29269921, 3.66071608 6.41215438, 3.66071643 6.41298963, 3.66128152 6.54815865, 3.51952869 6.54058468))",69
70,66c1f2f7-903b-47bc-a5ff-61b55841e882,phr,phr,oneatlas,"{'qualified': False, 'sourceIdentifier': 'DS_PHR1A_202202101021140_FR1_PX_E003N06_0615_01693', 'acquisitionStation': 'FR1', 'archivingCenter': 'FR1', 'lastUpdateDate': '2022-02-24T13:16:11Z', 'processingDate': '2022-02-10T12:29:21.247Z', 'parentIdentifier': 'DS_PHR1A_202202101021140_FR1_PX_E003N06_0615_01693', 'azimuthAngle': 179.9886993766349, 'workspaceTitle': 'Public', 'spectralRange': 'VISIBLE', 'productCategory': 'image', 'activityId': '598e8d07-d0a9-40ce-aa21-3829af2e9da4', 'processingLevel': 'ALBUM', 'acquisitionIdentifier': None, 'sensorType': 'OPTICAL', 'productionStatus': 'ARCHIVED', 'geometryCentroid': [3.478263344944572, 6.600915504135917], 'processorName': 'MMCAT', 'workspaceName': 'public', 'correlationId': 'mmcat_855a30cad957861afec24d5785e98361', 'publicationDate': '2022-02-10T12:33:57.657245286Z', 'illuminationElevationAngle': 57.73469437822158, 'productType': 'mono', 'expirationDate': '2032-02-22T13:15:13.236156247Z', 'workspaceId': '0e33eb50-3404-48ad-b835-b0b4b72a5625', 'incidenceAngleAcrossTrack': 1.900529008740553, 'illuminationAzimuthAngle': 130.3487865326158, 'incidenceAngleAlongTrack': -16.31953580385023, 'incidenceAngle': 16.4183978780386, 'processingCenter': 'MOC', 'archiveIdentifier': 'DS_PHR1A_202202101021140_FR1_PX_E003N06_0615_01693', 'organisationName': 'AIRBUS DS GEO', 'snowCover': 0}",66c1f2f7-903b-47bc-a5ff-61b55841e882,airbus,2022-02-10 10:21:14.055000+00:00,,,33.7,0.5,HOURS,334520,16.4183978780386,8,415.1057509951344,"POLYGON ((3.38482112 6.50911216, 3.4529014 6.51051348, 3.57166803 6.51099323, 3.57170557 6.69262266, 3.51287026 6.6927128, 3.38483321 6.6908447, 3.38482112 6.50911216))",70
143,b7cd989c-2eb3-4f02-95f9-d17e7f8e9e1f,phr,phr,oneatlas,"{'qualified': False, 'sourceIdentifier': 'DS_PHR1A_202101161022085_FR1_PX_E003N06_0511_01032', 'acquisitionStation': 'FR1', 'archivingCenter': 'FR1', 'lastUpdateDate': '2021-01-16T12:07:18Z', 'processingDate': '2021-01-16T11:58:06.250Z', 'parentIdentifier': 'DS_PHR1A_202101161022085_FR1_PX_E003N06_0511_01032', 'azimuthAngle': 180.0617977109223, 'workspaceTitle': 'Public', 'spectralRange': 'VISIBLE', 'productCategory': 'image', 'activityId': 'c7b8b160-d969-47c2-9641-35aef359b080', 'processingLevel': 'ALBUM', 'acquisitionIdentifier': None, 'sensorType': 'OPTICAL', 'productionStatus': 'ARCHIVED', 'geometryCentroid': [3.401681268172377, 6.4285455041105495], 'processorName': 'MMCAT', 'workspaceName': 'public', 'correlationId': 'mmcat_ed8b851e-a9bf-4bb3-8e74-b775e03a704b', 'publicationDate': '2021-01-16T12:02:07.88519433Z', 'illuminationElevationAngle': 54.26902012094054, 'productType': 'mono', 'expirationDate': '2022-01-16T12:02:07.885198804Z', 'workspaceId': '0e33eb50-3404-48ad-b835-b0b4b72a5625', 'incidenceAngleAcrossTrack': -5.009873570195548, 'illuminationAzimuthAngle': 140.2547051908523, 'format': 'image/jp2', 'incidenceAngleAlongTrack': 16.94823314207648, 'incidenceAngle': 17.59386788765489, 'processingCenter': 'MOC', 'archiveIdentifier': 'DS_PHR1A_202101161022085_FR1_PX_E003N06_0511_01032', 'organisationName': 'AIRBUS DS GEO', 'snowCover': 0}",b7cd989c-2eb3-4f02-95f9-d17e7f8e9e1f,airbus,2021-01-16 10:22:08.556000+00:00,,,97.532875,0.5,HOURS,212840,17.59386788765489,9,254.94834651358136,"POLYGON ((3.30736871 6.37083358, 3.36663625 6.37297995, 3.49599382 6.37564667, 3.49599185 6.48624452, 3.41789143 6.48483471, 3.30737698 6.48113568, 3.30736871 6.37083358))",143
78,9e1d76e1-37d8-4dd2-bc8c-e6909d9ae098,phr,phr,oneatlas,"{'commercialReference': 'SO22002514', 'qualified': False, 'sourceIdentifier': 'DS_PHR1A_202201221017043_FR1_PX_E003N06_0419_01783', 'acquisitionStation': 'FR1', 'archivingCenter': 'FR1', 'lastUpdateDate': '2022-01-23T01:35:42.230252774Z', 'processingDate': '2022-01-23T00:31:15.249', 'parentIdentifier': 'DS_PHR1A_202201221017413_FR1_PX_E003N06_0419_01787', 'azimuthAngle': 179.9847337891145, 'workspaceTitle': 'Public', 'spectralRange': 'VISIBLE', 'productCategory': 'image', 'activityId': '6aea14e2-09c7-4515-9ecb-f9642bd5736d', 'processingLevel': 'SENSOR', 'acquisitionIdentifier': None, 'customerReference': 'C301000', 'sensorType': 'OPTICAL', 'productionStatus': 'IN_CLOUD', 'geometryCentroid': [3.320882703876767, 6.761508086106812], 'processorName': 'DRS-MM V2.9vV2.9', 'workspaceName': 'public', 'correlationId': '10354301-a6c9-46f2-a155-5b0aeb495d9f', 'publicationDate': '2022-01-23T01:35:42.230252774Z', 'illuminationElevationAngle': 53.735890287949, 'productType': 'bundle', 'expirationDate': '2023-01-23T01:35:42.230257198Z', 'workspaceId': '0e33eb50-3404-48ad-b835-b0b4b72a5625', 'incidenceAngleAcrossTrack': 12.44245592890128, 'illuminationAzimuthAngle': 137.0930109811552, 'format': 'image/jp2', 'incidenceAngleAlongTrack': -14.60982394958442, 'incidenceAngle': 18.85547160725315, 'processingCenter': 'FCMUGC', 'archiveIdentifier': 'DS_PHR1A_202201221017413_FR1_PX_E003N06_0419_01787', 'organisationName': 'AIRBUS DS GEO'}",9e1d76e1-37d8-4dd2-bc8c-e6909d9ae098,airbus,2022-01-22 10:17:41.305000+00:00,,,0.0,0.5,MINUTES,77460,18.85547160725315,10,454.0770537825011,"POLYGON ((3.22389561 6.85268284, 3.22420465 6.66038245, 3.41770321 6.6715174, 3.4178698 6.86262863, 3.22389561 6.85268284))",78
56,90dedea2-f645-498a-8961-69edb7ae5fc5,phr,phr,oneatlas,"{'qualified': False, 'sourceIdentifier': 'DS_PHR1B_202204041014171_FR1_PX_E003N06_0215_01754', 'acquisitionStation': 'SV1', 'archivingCenter': 'FR1', 'lastUpdateDate': '2022-04-18T16:39:32Z', 'processingDate': '2022-04-04T14:54:51.904Z', 'parentIdentifier': 'DS_PHR1B_202204041014171_FR1_PX_E003N06_0215_01754', 'azimuthAngle': 179.9797305767927, 'title': '', 'workspaceTitle': 'Public', 'spectralRange': 'VISIBLE', 'productCategory': 'image', 'activityId': 'd9baa985-9381-48bf-9eb5-031fe9bf2202', 'processingLevel': 'ALBUM', 'acquisitionIdentifier': '', 'sensorType': 'OPTICAL', 'productionStatus': 'ARCHIVED', 'geometryCentroid': {'lat': 6.601114716529972, 'lon': 3.162145770497435}, 'processorName': 'MMCAT', 'workspaceName': 'public', 'correlationId': 'd0ce1035-a478-4069-b08d-ed4553c0c32b', 'publicationDate': '2022-04-05T12:07:15.85211473Z', 'illuminationElevationAngle': 66.03524615931255, 'productType': 'mono', 'expirationDate': '2032-04-15T15:57:18.495431835Z', 'workspaceId': '0e33eb50-3404-48ad-b835-b0b4b72a5625', 'incidenceAngleAcrossTrack': 15.94237625877141, 'illuminationAzimuthAngle': 90.54850930357772, 'format': 'image/tiff', 'incidenceAngleAlongTrack': 17.74931549472698, 'incidenceAngle': 23.22025025088903, 'processingCenter': 'MOC', 'archiveIdentifier': 'DS_PHR1B_202204041014171_FR1_PX_E003N06_0215_01754', 'organisationName': 'AIRBUS DS GEO', 'snowCover': 0}",90dedea2-f645-498a-8961-69edb7ae5fc5,airbus,2022-04-04 10:14:17.181000+00:00,,,45.84819674306332,0.5,HOURS,383290,23.22025025088903,11,484.97308204473984,"POLYGON ((3.06138836 6.51056294, 3.14507163 6.50460232, 3.26294055 6.49448044, 3.26335088 6.68995716, 3.18008073 6.69799973, 3.06094066 6.70774389, 3.06138836 6.51056294))",56
122,3045ec78-b1ce-4cae-917a-1a268c98f317,phr,phr,oneatlas,"{'qualified': False, 'sourceIdentifier': 'DS_PHR1A_202105191026078_FR1_PX_E003N06_0414_00956', 'acquisitionStation': 'FR1', 'archivingCenter': 'FR1', 'lastUpdateDate': '2021-05-19T12:10:07Z', 'processingDate': '2021-05-19T12:02:07.886Z', 'parentIdentifier': 'DS_PHR1A_202105191026078_FR1_PX_E003N06_0414_00956', 'azimuthAngle': 180.0093419399172, 'workspaceTitle': 'Public', 'spectralRange': 'VISIBLE', 'productCategory': 'image', 'activityId': 'b046613c-3e37-4318-a257-2374ed27edb7', 'processingLevel': 'ALBUM', 'acquisitionIdentifier': None, 'sensorType': 'OPTICAL', 'productionStatus': 'ARCHIVED', 'geometryCentroid': [3.3193665087124495, 6.570154894713893], 'processorName': 'MMCAT', 'workspaceName': 'public', 'correlationId': 'mmcat_8c6523c7-d49e-44e0-aa9d-fb16da9aa355', 'publicationDate': '2021-05-19T12:07:19.24436615Z', 'illuminationElevationAngle': 66.99472864708606, 'productType': 'mono', 'expirationDate': '2031-05-17T12:10:06.720191694Z', 'workspaceId': '0e33eb50-3404-48ad-b835-b0b4b72a5625', 'incidenceAngleAcrossTrack': -15.87238656402848, 'illuminationAzimuthAngle': 52.71697275075731, 'format': 'image/jp2', 'incidenceAngleAlongTrack': 28.42432860363453, 'incidenceAngle': 31.44111947020416, 'processingCenter': 'MOC', 'archiveIdentifier': 'DS_PHR1A_202105191026078_FR1_PX_E003N06_0414_00956', 'organisationName': 'AIRBUS DS GEO', 'snowCover': 0}",3045ec78-b1ce-4cae-917a-1a268c98f317,airbus,2021-05-19 10:26:07.805000+00:00,,,25.0,0.5,HOURS,320480,31.44111947020416,12,320.73093176246937,"POLYGON ((3.21155854 6.49406062, 3.28956377 6.50568546, 3.42710212 6.52402223, 3.42718744 6.64623387, 3.33752884 6.63410474, 3.21154557 6.61509972, 3.21155854 6.49406062))",122
141,4de7f8df-726c-402d-b95c-dcfd30a7617c,phr,phr,oneatlas,"{'qualified': False, 'sourceIdentifier': 'DS_PHR1A_202101181005234_FR1_PX_E003N06_0511_00898', 'acquisitionStation': 'FR1', 'archivingCenter': 'FR1', 'lastUpdateDate': '2021-01-18T11:58:42Z', 'processingDate': '2021-01-18T11:43:07.133Z', 'parentIdentifier': 'DS_PHR1A_202101181005234_FR1_PX_E003N06_0511_00898', 'azimuthAngle': 180.0385467792615, 'workspaceTitle': 'Public', 'spectralRange': 'VISIBLE', 'productCategory': 'image', 'activityId': 'd303872e-4ac1-45c0-81e8-f888f9ed8dab', 'processingLevel': 'ALBUM', 'acquisitionIdentifier': None, 'sensorType': 'OPTICAL', 'productionStatus': 'ARCHIVED', 'geometryCentroid': [3.399244152446963, 6.4266814470909495], 'processorName': 'MMCAT', 'workspaceName': 'public', 'correlationId': 'mmcat_3504964e-6e33-42b5-8ba4-a056becf250d', 'publicationDate': '2021-01-18T11:49:03.904030382Z', 'illuminationElevationAngle': 51.58691025202973, 'productType': 'mono', 'expirationDate': '2022-01-18T11:49:03.904037242Z', 'workspaceId': '0e33eb50-3404-48ad-b835-b0b4b72a5625', 'incidenceAngleAcrossTrack': 39.50594210610724, 'illuminationAzimuthAngle': 135.0009126804245, 'format': 'image/jp2', 'incidenceAngleAlongTrack': -35.66358238046066, 'incidenceAngle': 47.54577535323455, 'processingCenter': 'MOC', 'archiveIdentifier': 'DS_PHR1A_202101181005234_FR1_PX_E003N06_0511_00898', 'organisationName': 'AIRBUS DS GEO', 'snowCover': 0}",4de7f8df-726c-402d-b95c-dcfd30a7617c,airbus,2021-01-18 10:05:23.430000+00:00,,,27.220973,0.5,HOURS,370700,47.54577535323455,13,562.591579892425,"POLYGON ((3.23581863 6.29859213, 3.3082897 6.32547325, 3.421767 6.36656577, 3.56273601 6.41603386, 3.56285107 6.5547403, 3.50925733 6.53680154, 3.36539524 6.48736308, 3.23604907 6.44129083, 3.23597335 6.4136332, 3.23563724 6.38471993, 3.23581863 6.29859213))",141
12,449c28d7-a3f7-4c13-9023-0e776b3de13e,pneo,pneo,oneatlas,"{'qualified': False, 'lastUpdateDate': '2022-10-24T07:49:10.533258151Z', 'processingDate': '2022-10-23T11:41:01.93Z', 'azimuthAngle': 179.9508310529273, 'title': '', 'workspaceTitle': 'Workspace temporaire pour la data pneo', 'spectralRange': 'VISIBLE', 'productCategory': 'image', 'activityId': '36a61717-5721-4fb1-a13c-da6d889b7ab3', 'processingLevel': 'ALBUM', 'acquisitionIdentifier': 'ACQ_PNEO4_02114904518646', 'sensorType': 'OPTICAL', 'productionStatus': 'ARCHIVED', 'geometryCentroid': {'lat': 6.358349845973564, 'lon': 3.3585895806298103}, 'processorName': 'MMCAT', 'workspaceName': 'public-pneo', 'correlationId': '3a0d8312-5b71-4269-919c-171926de7dc8', 'publicationDate': '2022-10-24T07:49:10.533258151Z', 'illuminationElevationAngle': 65.57045935992817, 'productType': 'mono', 'expirationDate': '2032-10-21T07:47:09.205875835Z', 'workspaceId': '3e88441b-adc9-4be6-bd80-59d4fb69d5a7', 'incidenceAngleAcrossTrack': -11.01243643500303, 'illuminationAzimuthAngle': 134.84216960681243, 'format': 'image/tiff', 'incidenceAngleAlongTrack': 28.94781879696475, 'incidenceAngle': 29.825469669382134, 'processingCenter': 'MOC', 'organisationName': 'AIRBUS DS GEO', 'snowCover': 0}",449c28d7-a3f7-4c13-9023-0e776b3de13e,airbus,2022-10-23 10:21:32.758000+00:00,,,17.5,0.3,HOURS,122400,29.825469669382134,14,256.64615358088355,"POLYGON ((3.43128749 6.43644355, 3.28589167 6.42428159, 3.28599359 6.28025389, 3.43115968 6.29170774, 3.43128749 6.43644355))",12
100,52c4c2df-e8a7-458a-9d66-617bee8e4a97,pneo,pneo,oneatlas,"{'qualified': False, 'lastUpdateDate': '2021-11-29T10:29:18Z', 'processingDate': '2021-11-13T16:41:01.681Z', 'azimuthAngle': 179.93838306621538, 'workspaceTitle': 'Workspace temporaire pour la data pneo', 'spectralRange': 'VISIBLE', 'productCategory': 'image', 'activityId': 'f376b177-14aa-4286-b8da-d50c50885bf8', 'processingLevel': 'ALBUM', 'acquisitionIdentifier': 'ACQ_PNEO3_00823800800324', 'sensorType': 'OPTICAL', 'productionStatus': 'ARCHIVED', 'geometryCentroid': [3.4750120198985583, 6.413835367276408], 'processorName': 'MMCAT', 'workspaceName': 'public-pneo', 'correlationId': 'mmcat_b28eaed2386451fd835d029d3240c280', 'publicationDate': '2021-11-15T10:19:51.693089229Z', 'illuminationElevationAngle': 62.69380563796481, 'productType': 'mono', 'expirationDate': '2031-11-27T10:28:59.089979872Z', 'workspaceId': '3e88441b-adc9-4be6-bd80-59d4fb69d5a7', 'incidenceAngleAcrossTrack': -42.49690087506326, 'illuminationAzimuthAngle': 149.96243226881256, 'incidenceAngleAlongTrack': -41.949975188446835, 'incidenceAngle': 47.58313577668546, 'processingCenter': 'MOC', 'organisationName': 'AIRBUS DS GEO', 'snowCover': 0}",52c4c2df-e8a7-458a-9d66-617bee8e4a97,airbus,2021-11-12 10:34:32.504000+00:00,,,19.6,0.3,HOURS,676800,47.58313577668546,15,789.5132075662451,"POLYGON ((3.37042252 6.6098748, 3.36990657 6.39152939, 3.3698972 6.39017264, 3.36907293 6.30681569, 3.58095111 6.21782445, 3.58087015 6.30343595, 3.5808647 6.30482915, 3.57917698 6.52867541, 3.37042252 6.6098748))",100
46,eae327de-6053-42c4-8147-ed8c1aab728e,pneo,pneo,oneatlas,"{'qualified': False, 'lastUpdateDate': '2022-06-04T10:31:36Z', 'processingDate': '2022-05-20T19:46:06.067Z', 'azimuthAngle': 179.52784088386593, 'title': '', 'workspaceTitle': 'Workspace temporaire pour la data pneo', 'spectralRange': 'VISIBLE', 'productCategory': 'image', 'activityId': 'cd331b2c-1485-41e4-8930-841a694d2836', 'processingLevel': 'ALBUM', 'acquisitionIdentifier': 'ACQ_PNEO4_01514902471956', 'sensorType': 'OPTICAL', 'productionStatus': 'ARCHIVED', 'geometryCentroid': {'lat': 6.591221099039594, 'lon': 3.3586103823545126}, 'processorName': 'MMCAT', 'workspaceName': 'public-pneo', 'correlationId': '8be54f07-e7f3-4da8-b7d6-6db2032ea9ad', 'publicationDate': '2022-05-20T19:47:28.498598293Z', 'illuminationElevationAngle': 66.28995123032743, 'productType': 'mono', 'expirationDate': '2032-06-01T10:27:04.121387112Z', 'workspaceId': '3e88441b-adc9-4be6-bd80-59d4fb69d5a7', 'incidenceAngleAcrossTrack': -5.770405524332546, 'illuminationAzimuthAngle': 54.77194432106025, 'format': 'image/tiff', 'incidenceAngleAlongTrack': 19.251776727812025, 'incidenceAngle': 19.98092733145296, 'processingCenter': 'MOC', 'organisationName': 'AIRBUS DS GEO', 'snowCover': 0}",eae327de-6053-42c4-8147-ed8c1aab728e,airbus,2022-05-20 10:21:12.301000+00:00,,,100.0,0.3,HOURS,405000,19.98092733145296,16,225.45388461252546,"POLYGON ((3.29137402 6.65720022, 3.29137286 6.52034523, 3.42581393 6.52474003, 3.42584791 6.66209473, 3.29137402 6.65720022))",46
29,212d5f5f-3a28-470d-86ab-72633da9fa5a,pneo,pneo,oneatlas,"{'qualified': False, 'lastUpdateDate': '2022-08-04T15:02:47.108116812Z', 'processingDate': '2022-07-21T14:57:05.184Z', 'azimuthAngle': 180.05772970943312, 'title': '', 'workspaceTitle': 'Workspace temporaire pour la data pneo', 'spectralRange': 'VISIBLE', 'productCategory': 'image', 'activityId': 'd545ed35-98b3-47b5-a6a4-852e13e5ebcf', 'processingLevel': 'ALBUM', 'acquisitionIdentifier': 'ACQ_PNEO4_01729703257650', 'sensorType': 'OPTICAL', 'productionStatus': 'ARCHIVED', 'geometryCentroid': {'lat': 6.474558111554175, 'lon': 3.2424812324357695}, 'processorName': 'MMCAT', 'workspaceName': 'public-pneo', 'correlationId': 'bb5e5a07-8a4c-4d45-b09b-4db660fadb85', 'publicationDate': '2022-08-04T15:02:47.108116812Z', 'illuminationElevationAngle': 61.87723925736077, 'productType': 'mono', 'expirationDate': '2032-08-01T15:02:05.524139738Z', 'workspaceId': '3e88441b-adc9-4be6-bd80-59d4fb69d5a7', 'incidenceAngleAcrossTrack': 18.44887618410537, 'illuminationAzimuthAngle': 56.44760628249534, 'format': 'image/tiff', 'incidenceAngleAlongTrack': 8.274857915140524, 'incidenceAngle': 19.730718664131345, 'processingCenter': 'MOC', 'organisationName': 'AIRBUS DS GEO', 'snowCover': 0}",212d5f5f-3a28-470d-86ab-72633da9fa5a,airbus,2022-07-21 10:13:28.122000+00:00,,,89.0,0.3,HOURS,424800,19.730718664131345,17,237.1542522311024,"POLYGON ((3.17209036 6.54655962, 3.17227322 6.41267918, 3.17227697 6.41185173, 3.1722934 6.40817637, 3.31258451 6.40255376, 3.31260375 6.40619527, 3.31260249 6.40701769, 3.3128721 6.54004475, 3.17209036 6.54655962))",29
140,62569e2b-c004-42a6-abd7-0eab02c41697,phr,phr,oneatlas,"{'qualified': False, 'sourceIdentifier': 'DS_PHR1B_202101190958499_FR1_PX_E003N06_0511_00822', 'acquisitionStation': 'FR1', 'archivingCenter': 'FR1', 'lastUpdateDate': '2021-01-19T11:46:31Z', 'processingDate': '2021-01-19T11:36:06.483Z', 'parentIdentifier': 'DS_PHR1B_202101190958499_FR1_PX_E003N06_0511_00822', 'azimuthAngle': 180.0977227042485, 'workspaceTitle': 'Public', 'spectralRange': 'VISIBLE', 'productCategory': 'image', 'activityId': 'd98118ea-69c9-4183-a200-06e549e5fd6e', 'processingLevel': 'ALBUM', 'acquisitionIdentifier': None, 'sensorType': 'OPTICAL', 'productionStatus': 'ARCHIVED', 'geometryCentroid': [3.3984377430369204, 6.429184364557456], 'processorName': 'MMCAT', 'workspaceName': 'public', 'correlationId': 'mmcat_be33f633-f743-4fbe-8be1-e585c93070db', 'publicationDate': '2021-01-19T11:41:31.840002395Z', 'illuminationElevationAngle': 50.41818043794501, 'productType': 'mono', 'expirationDate': '2022-01-19T11:41:31.840006528Z', 'workspaceId': '0e33eb50-3404-48ad-b835-b0b4b72a5625', 'incidenceAngleAcrossTrack': 46.99690995955908, 'illuminationAzimuthAngle': 132.9835603696163, 'format': 'image/jp2', 'incidenceAngleAlongTrack': -15.54707921352691, 'incidenceAngle': 47.92665413859033, 'processingCenter': 'MOC', 'archiveIdentifier': 'DS_PHR1B_202101190958499_FR1_PX_E003N06_0511_00822', 'organisationName': 'AIRBUS DS GEO', 'snowCover': 0}",62569e2b-c004-42a6-abd7-0eab02c41697,airbus,2021-01-19 09:58:49.930000+00:00,,,81.748162,0.5,HOURS,368040,47.92665413859033,18,523.9960456590662,"POLYGON ((3.2121925 6.34590336, 3.23959162 6.35010194, 3.40584936 6.37463699, 3.584106 6.39910561, 3.5841041 6.41241613, 3.58451042 6.42494993, 3.58498333 6.51240687, 3.55919045 6.50923621, 3.39708483 6.48837335, 3.2121938 6.46267494, 3.21212209 6.41031463, 3.21189215 6.3973579, 3.2121925 6.34590336))",140
125,5a73f192-085a-47b9-968a-3fc1bd0c68e1,phr,phr,oneatlas,"{'qualified': False, 'sourceIdentifier': 'DS_PHR1A_202105160958549_FR1_PX_E003N06_0414_00822', 'acquisitionStation': 'FR1', 'archivingCenter': 'FR1', 'lastUpdateDate': '2021-05-17T06:45:56Z', 'processingDate': '2021-05-16T11:53:08.601Z', 'parentIdentifier': 'DS_PHR1A_202105160958549_FR1_PX_E003N06_0414_00822', 'azimuthAngle': 179.9696939909427, 'workspaceTitle': 'Public', 'spectralRange': 'VISIBLE', 'productCategory': 'image', 'activityId': 'c739c6ba-d89a-4c14-b8f8-b14aef7d1408', 'processingLevel': 'ALBUM', 'acquisitionIdentifier': None, 'sensorType': 'OPTICAL', 'productionStatus': 'ARCHIVED', 'geometryCentroid': [3.316438194513203, 6.57294415768481], 'processorName': 'MMCAT', 'workspaceName': 'public', 'correlationId': 'mmcat_2a67c9b4-7154-4fcd-b45c-6408b9e9aa0f', 'publicationDate': '2021-05-16T11:55:25.810507547Z', 'illuminationElevationAngle': 61.48320552643519, 'productType': 'mono', 'expirationDate': '2031-05-15T06:43:35.865364185Z', 'workspaceId': '0e33eb50-3404-48ad-b835-b0b4b72a5625', 'incidenceAngleAcrossTrack': 45.51972879432386, 'illuminationAzimuthAngle': 61.13531845532551, 'format': 'image/jp2', 'incidenceAngleAlongTrack': 8.454859510522079, 'incidenceAngle': 45.82165498693922, 'processingCenter': 'MOC', 'archiveIdentifier': 'DS_PHR1A_202105160958549_FR1_PX_E003N06_0414_00822', 'organisationName': 'AIRBUS DS GEO', 'snowCover': 0}",5a73f192-085a-47b9-968a-3fc1bd0c68e1,airbus,2021-05-16 09:58:54.930000+00:00,,,90.4,0.5,HOURS,473080,45.82165498693922,19,473.44047150814305,"POLYGON ((3.14123005 6.52914911, 3.16698522 6.52761206, 3.32351192 6.51740762, 3.49161638 6.50477358, 3.49225193 6.61340181, 3.46785453 6.61556796, 3.31489743 6.62829576, 3.14065302 6.64105961, 3.14062446 6.62760785, 3.14123005 6.52914911))",125
90,50c19a6d-abab-4baf-aef9-79e159fabfd4,pneo,pneo,oneatlas,"{'qualified': False, 'lastUpdateDate': '2022-04-13T09:11:27Z', 'processingDate': '2021-11-26T11:41:04.54Z', 'azimuthAngle': 180.73597409894526, 'title': '', 'workspaceTitle': 'Workspace temporaire pour la data pneo', 'spectralRange': 'VISIBLE', 'productCategory': 'image', 'activityId': '58cb544a-efde-474e-9b93-2432dadc73f5', 'processingLevel': 'ALBUM', 'acquisitionIdentifier': 'ACQ_PNEO3_00906000899668', 'sensorType': 'OPTICAL', 'productionStatus': 'ARCHIVED', 'geometryCentroid': {'lat': 6.417629053097786, 'lon': 3.3580076243906007}, 'processorName': 'MMCAT', 'workspaceName': 'public-pneo', 'correlationId': '202220cb-9490-4c9d-b99d-ef6aaec34e0e', 'publicationDate': '2021-12-10T11:53:36.406841526Z', 'illuminationElevationAngle': 55.754839746285825, 'productType': 'mono', 'expirationDate': '2032-04-10T09:02:44.198336035Z', 'workspaceId': '3e88441b-adc9-4be6-bd80-59d4fb69d5a7', 'incidenceAngleAcrossTrack': 40.45475524210785, 'illuminationAzimuthAngle': 142.1901486359544, 'format': 'image/tiff', 'incidenceAngleAlongTrack': 43.31331440935379, 'incidenceAngle': 47.45897793371492, 'processingCenter': 'MOC', 'organisationName': 'AIRBUS DS GEO', 'snowCover': 0}",50c19a6d-abab-4baf-aef9-79e159fabfd4,airbus,2021-11-26 10:07:04.437000+00:00,,,41.8,0.3,HOURS,795600,47.45897793371492,20,760.4272902579372,"POLYGON ((3.25630303 6.61140355, 3.25731873 6.37928506, 3.25732707 6.37786034, 3.25786037 6.30084191, 3.45805511 6.22388363, 3.45836126 6.29954702, 3.45836847 6.30094653, 3.45971222 6.52923254, 3.25630303 6.61140355))",90
95,0c7cea55-cff3-4bcd-932c-46bbed7a29d9,pneo,pneo,oneatlas,"{'qualified': False, 'lastUpdateDate': '2022-04-13T09:11:42Z', 'processingDate': '2021-11-16T14:00:03.053Z', 'azimuthAngle': 180.01503417329246, 'title': '', 'workspaceTitle': 'Workspace temporaire pour la data pneo', 'spectralRange': 'VISIBLE', 'productCategory': 'image', 'activityId': 'd406e340-1888-43cf-b929-464ec0e8bc1f', 'processingLevel': 'ALBUM', 'acquisitionIdentifier': 'ACQ_PNEO3_00829700832842', 'sensorType': 'OPTICAL', 'productionStatus': 'ARCHIVED', 'geometryCentroid': {'lat': 6.416247121403125, 'lon': 3.474191899350613}, 'processorName': 'MMCAT', 'workspaceName': 'public-pneo', 'correlationId': '202220cb-9490-4c9d-b99d-ef6aaec34e0e', 'publicationDate': '2021-11-30T15:39:04.508658458Z', 'illuminationElevationAngle': 58.97952767702312, 'productType': 'mono', 'expirationDate': '2032-04-10T09:02:45.700139474Z', 'workspaceId': '3e88441b-adc9-4be6-bd80-59d4fb69d5a7', 'incidenceAngleAcrossTrack': 13.950672661459418, 'illuminationAzimuthAngle': 142.8953393367573, 'format': 'image/tiff', 'incidenceAngleAlongTrack': 36.66295125663171, 'incidenceAngle': 37.30535281601718, 'processingCenter': 'MOC', 'organisationName': 'AIRBUS DS GEO', 'snowCover': 0}",0c7cea55-cff3-4bcd-932c-46bbed7a29d9,airbus,2021-11-16 10:14:18.483000+00:00,,,48.0,0.3,HOURS,493200,37.30535281601718,21,518.7436310579186,"POLYGON ((3.39523033 6.56045449, 3.39589478 6.36945315, 3.39589764 6.3682786, 3.39603748 6.29020063, 3.55234545 6.27205488, 3.55266394 6.34992811, 3.55266803 6.35109951, 3.55315347 6.54156858, 3.39523033 6.56045449))",95
63,7384727a-0c56-4fdf-af1e-47799876c78b,pneo,pneo,oneatlas,"{'qualified': False, 'lastUpdateDate': '2022-03-28T11:57:06Z', 'processingDate': '2022-03-13T11:38:06.436Z', 'azimuthAngle': 179.99093482809027, 'title': '', 'workspaceTitle': 'Workspace temporaire pour la data pneo', 'spectralRange': 'VISIBLE', 'productCategory': 'image', 'activityId': '44f52843-00a1-4c5e-8e11-6b7e37516e64', 'processingLevel': 'ALBUM', 'acquisitionIdentifier': 'ACQ_PNEO4_01229701820628', 'sensorType': 'OPTICAL', 'productionStatus': 'ARCHIVED', 'geometryCentroid': {'lat': 6.591340195301697, 'lon': 3.4742832449018795}, 'processorName': 'MMCAT', 'workspaceName': 'public-pneo', 'correlationId': '0ba64ed2-386b-4ce1-b1b2-8b1e7547bc56', 'publicationDate': '2022-03-13T11:43:55.008877508Z', 'illuminationElevationAngle': 62.29714841094848, 'productType': 'mono', 'expirationDate': '2032-03-25T09:42:08.029465333Z', 'workspaceId': '3e88441b-adc9-4be6-bd80-59d4fb69d5a7', 'incidenceAngleAcrossTrack': 16.482854704596196, 'illuminationAzimuthAngle': 111.27057532075261, 'format': 'image/tiff', 'incidenceAngleAlongTrack': 5.99951132046421, 'incidenceAngle': 17.290915991639903, 'processingCenter': 'MOC', 'organisationName': 'AIRBUS DS GEO', 'snowCover': 0}",7384727a-0c56-4fdf-af1e-47799876c78b,airbus,2022-03-13 10:13:24.619000+00:00,,,36.1,0.3,HOURS,387000,17.290915991639903,22,227.86218635747824,"POLYGON ((3.40544167 6.66107742, 3.40561914 6.52954768, 3.40562187 6.52873428, 3.40563898 6.52512397, 3.54282728 6.52160007, 3.54282127 6.52519088, 3.54282102 6.52599987, 3.54312482 6.65677818, 3.40544167 6.66107742))",63
59,ec17df82-c99e-4794-9c98-4b5b3321d2b3,pneo,pneo,oneatlas,"{'qualified': False, 'lastUpdateDate': '2022-04-01T13:11:21Z', 'processingDate': '2022-03-18T12:37:02.666Z', 'azimuthAngle': 180.02686047965025, 'title': '', 'workspaceTitle': 'Workspace temporaire pour la data pneo', 'spectralRange': 'VISIBLE', 'productCategory': 'image', 'activityId': '17ae6682-7b6a-4a76-90e4-257a6f1f8db1', 'processingLevel': 'ALBUM', 'acquisitionIdentifier': 'ACQ_PNEO4_01237101860273', 'sensorType': 'OPTICAL', 'productionStatus': 'ARCHIVED', 'geometryCentroid': {'lat': 6.415778785389443, 'lon': 3.5902561011264083}, 'processorName': 'MMCAT', 'workspaceName': 'public-pneo', 'correlationId': '325682f0-9dc2-4639-a488-2806f14dccd1', 'publicationDate': '2022-03-18T12:42:28.621759941Z', 'illuminationElevationAngle': 62.52997815567241, 'productType': 'mono', 'expirationDate': '2032-03-29T13:07:07.049400304Z', 'workspaceId': '3e88441b-adc9-4be6-bd80-59d4fb69d5a7', 'incidenceAngleAcrossTrack': 25.82284781301245, 'illuminationAzimuthAngle': 106.56920473024185, 'format': 'image/tiff', 'incidenceAngleAlongTrack': -3.2441843994168593, 'incidenceAngle': 25.92306149536019, 'processingCenter': 'MOC', 'organisationName': 'AIRBUS DS GEO', 'snowCover': 0}",ec17df82-c99e-4794-9c98-4b5b3321d2b3,airbus,2022-03-18 10:09:26.939000+00:00,,,41.4,0.3,HOURS,73800,25.92306149536019,23,475.36619044311107,"POLYGON ((3.51286965 6.54106754, 3.51267572 6.40244078, 3.51267792 6.40158455, 3.5134264 6.28828136, 3.66731086 6.29287702, 3.66706657 6.40512305, 3.66706809 6.40597124, 3.66783649 6.54328581, 3.51286965 6.54106754))",59
55,90d90aa7-184b-43c8-b7d7-a0310a15ad10,phr,phr,oneatlas,"{'qualified': False, 'sourceIdentifier': 'DS_PHR1B_202204041013408_FR1_PX_E003N06_0619_01787', 'acquisitionStation': 'SV1', 'archivingCenter': 'FR1', 'lastUpdateDate': '2022-04-18T16:39:13Z', 'processingDate': '2022-04-04T14:54:48.43Z', 'parentIdentifier': 'DS_PHR1B_202204041013408_FR1_PX_E003N06_0619_01787', 'azimuthAngle': 179.988165953348, 'title': '', 'workspaceTitle': 'Public', 'spectralRange': 'VISIBLE', 'productCategory': 'image', 'activityId': 'b762f839-d312-4df9-a1d8-51767cf2b8a2', 'processingLevel': 'ALBUM', 'acquisitionIdentifier': '', 'sensorType': 'OPTICAL', 'productionStatus': 'ARCHIVED', 'geometryCentroid': {'lat': 6.762506193779647, 'lon': 3.478328541958027}, 'processorName': 'MMCAT', 'workspaceName': 'public', 'correlationId': 'd0ce1035-a478-4069-b08d-ed4553c0c32b', 'publicationDate': '2022-04-05T12:07:23.23696549Z', 'illuminationElevationAngle': 66.09878916023773, 'productType': 'mono', 'expirationDate': '2032-04-15T15:57:18.495435062Z', 'workspaceId': '0e33eb50-3404-48ad-b835-b0b4b72a5625', 'incidenceAngleAcrossTrack': 17.25841031221766, 'illuminationAzimuthAngle': 90.92642027695793, 'format': 'image/tiff', 'incidenceAngleAlongTrack': -2.303191320302693, 'incidenceAngle': 17.39378404090187, 'processingCenter': 'MOC', 'archiveIdentifier': 'DS_PHR1B_202204041013408_FR1_PX_E003N06_0619_01787', 'organisationName': 'AIRBUS DS GEO', 'snowCover': 0}",90d90aa7-184b-43c8-b7d7-a0310a15ad10,airbus,2022-04-04 10:13:40.805000+00:00,,,46.01880108036059,0.5,HOURS,53650,17.39378404090187,24,444.45577960957155,"POLYGON ((3.38026216 6.66882273, 3.44242118 6.67043717, 3.57652869 6.67200002, 3.57683818 6.85605796, 3.51515162 6.85618196, 3.3798189 6.8545092, 3.38026216 6.66882273))",55
128,a0ea51f8-90dc-4848-9ab3-8d40a9fb05e1,phr,phr,oneatlas,"{'qualified': False, 'sourceIdentifier': 'DS_PHR1A_202105141013073_FR1_PX_E003N06_0513_02090', 'acquisitionStation': 'FR1', 'archivingCenter': 'FR1', 'lastUpdateDate': '2021-05-14T12:00:51Z', 'processingDate': '2021-05-14T11:51:13.705Z', 'parentIdentifier': 'DS_PHR1A_202105141013073_FR1_PX_E003N06_0513_02090', 'azimuthAngle': 179.9377111354638, 'workspaceTitle': 'Public', 'spectralRange': 'VISIBLE', 'productCategory': 'image', 'activityId': '9ed013ba-ae1c-4cee-bbbd-57f72ae273fb', 'processingLevel': 'ALBUM', 'acquisitionIdentifier': None, 'sensorType': 'OPTICAL', 'productionStatus': 'ARCHIVED', 'geometryCentroid': [3.3427638674300106, 6.502194143603818], 'processorName': 'MMCAT', 'workspaceName': 'public', 'correlationId': 'mmcat_4db744a9-3ea6-42ef-97fb-3cb01f1b2582', 'publicationDate': '2021-05-14T11:57:15.296782593Z', 'illuminationElevationAngle': 64.89743388507631, 'productType': 'mono', 'expirationDate': '2031-05-12T12:00:23.80452992Z', 'workspaceId': '0e33eb50-3404-48ad-b835-b0b4b72a5625', 'incidenceAngleAcrossTrack': 23.66117846214599, 'illuminationAzimuthAngle': 58.66116597746945, 'format': 'image/jp2', 'incidenceAngleAlongTrack': -26.12272465617754, 'incidenceAngle': 33.32973895168666, 'processingCenter': 'MOC', 'archiveIdentifier': 'DS_PHR1A_202105141013073_FR1_PX_E003N06_0513_02090', 'organisationName': 'AIRBUS DS GEO', 'snowCover': 0}",a0ea51f8-90dc-4848-9ab3-8d40a9fb05e1,airbus,2021-05-14 10:13:07.306000+00:00,,,74.8,0.5,HOURS,689490,33.32973895168666,25,750.5304034137035,"POLYGON ((3.22795381 6.34798332, 3.24457045 6.35138251, 3.33506636 6.36920758, 3.45767527 6.39150991, 3.45757572 6.40843827, 3.45790928 6.65641047, 3.44167521 6.65383541, 3.35216151 6.63900259, 3.22770176 6.61651563, 3.22761846 6.39370945, 3.22795381 6.34798332))",128
123,3e498866-df38-4916-bc2c-bc5d84510599,phr,phr,oneatlas,"{'qualified': False, 'sourceIdentifier': 'DS_PHR1B_202105181032586_FR1_PX_E003N06_0414_01032', 'acquisitionStation': 'FR1', 'archivingCenter': 'FR1', 'lastUpdateDate': '2021-05-18T12:20:20Z', 'processingDate': '2021-05-18T12:09:08.330Z', 'parentIdentifier': 'DS_PHR1B_202105181032586_FR1_PX_E003N06_0414_01032', 'azimuthAngle': 180.0078053919058, 'workspaceTitle': 'Public', 'spectralRange': 'VISIBLE', 'productCategory': 'image', 'activityId': 'f5a6eed1-1d8c-4110-9271-69379ef8bca2', 'processingLevel': 'ALBUM', 'acquisitionIdentifier': None, 'sensorType': 'OPTICAL', 'productionStatus': 'ARCHIVED', 'geometryCentroid': [3.3193926657511477, 6.56970408556093], 'processorName': 'MMCAT', 'workspaceName': 'public', 'correlationId': 'mmcat_7ba42090-3fa0-4571-a948-a9a53ae485ea', 'publicationDate': '2021-05-18T12:10:19.821600975Z', 'illuminationElevationAngle': 68.29913245219407, 'productType': 'mono', 'expirationDate': '2031-05-16T12:20:12.70041511Z', 'workspaceId': '0e33eb50-3404-48ad-b835-b0b4b72a5625', 'incidenceAngleAcrossTrack': -24.22916054180624, 'illuminationAzimuthAngle': 51.11269090982857, 'format': 'image/jp2', 'incidenceAngleAlongTrack': -15.50592792571654, 'incidenceAngle': 27.86429697972685, 'processingCenter': 'MOC', 'archiveIdentifier': 'DS_PHR1B_202105181032586_FR1_PX_E003N06_0414_01032', 'organisationName': 'AIRBUS DS GEO', 'snowCover': 0}",3e498866-df38-4916-bc2c-bc5d84510599,airbus,2021-05-18 10:32:58.681000+00:00,,,97.7,0.5,HOURS,313870,27.86429697972685,26,314.1142205680103,"POLYGON ((3.20910425 6.52366457, 3.29946349 6.51471825, 3.42968108 6.49991737, 3.4293413 6.61733039, 3.33763663 6.62734343, 3.20941106 6.63947319, 3.20910425 6.52366457))",123
89,51ea5532-e620-4265-a439-f8c0f20b3d73,pneo,pneo,oneatlas,"{'qualified': False, 'lastUpdateDate': '2022-04-13T09:11:30Z', 'processingDate': '2021-11-26T11:41:03.488Z', 'azimuthAngle': 180.03009295500712, 'title': '', 'workspaceTitle': 'Workspace temporaire pour la data pneo', 'spectralRange': 'VISIBLE', 'productCategory': 'image', 'activityId': 'e853c875-992e-4746-ba10-33af5df3b850', 'processingLevel': 'ALBUM', 'acquisitionIdentifier': 'ACQ_PNEO3_00906000899677', 'sensorType': 'OPTICAL', 'productionStatus': 'ARCHIVED', 'geometryCentroid': {'lat': 6.41781362200813, 'lon': 3.474063426608464}, 'processorName': 'MMCAT', 'workspaceName': 'public-pneo', 'correlationId': '202220cb-9490-4c9d-b99d-ef6aaec34e0e', 'publicationDate': '2021-12-10T11:53:38.580961873Z', 'illuminationElevationAngle': 55.78668988057568, 'productType': 'mono', 'expirationDate': '2032-04-10T09:02:44.198337245Z', 'workspaceId': '3e88441b-adc9-4be6-bd80-59d4fb69d5a7', 'incidenceAngleAcrossTrack': 36.54754832505123, 'illuminationAzimuthAngle': 142.25848502584682, 'format': 'image/tiff', 'incidenceAngleAlongTrack': 36.718203440164125, 'incidenceAngle': 42.70605487365128, 'processingCenter': 'MOC', 'organisationName': 'AIRBUS DS GEO', 'snowCover': 0}",51ea5532-e620-4265-a439-f8c0f20b3d73,airbus,2021-11-26 10:06:48.775000+00:00,,,48.9,0.3,HOURS,608400,42.70605487365128,27,678.1695288598751,"POLYGON ((3.37898118 6.59409633, 3.37959313 6.39590754, 3.37959876 6.39468836, 3.3802158 6.29849989, 3.56781023 6.24155406, 3.56805439 6.33632744, 3.56805967 6.33752856, 3.56914568 6.53285199, 3.37898118 6.59409633))",89
73,4819a591-3dcf-4925-8fcb-1e72332c1904,phr,phr,oneatlas,"{'commercialReference': 'SO22003625', 'qualified': False, 'sourceIdentifier': 'DS_PHR1B_202201281021506_FR1_PX_E003N06_0211_01614', 'acquisitionStation': 'SV1', 'archivingCenter': 'FR1', 'lastUpdateDate': '2022-01-29T04:04:18.060981822Z', 'processingDate': '2022-01-29T02:48:45.913', 'parentIdentifier': 'DS_PHR1B_202201281022276_FR1_PX_E003N06_0211_01618', 'azimuthAngle': 180.013826860035, 'workspaceTitle': 'Public', 'spectralRange': 'VISIBLE', 'productCategory': 'image', 'activityId': 'aa845569-3485-4366-b45d-36df9020e64e', 'processingLevel': 'SENSOR', 'acquisitionIdentifier': None, 'customerReference': 'C301000', 'sensorType': 'OPTICAL', 'productionStatus': 'IN_CLOUD', 'geometryCentroid': [3.162063326637976, 6.438508020548285], 'processorName': 'DRS-MM V2.9vV2.9', 'workspaceName': 'public', 'correlationId': '08f82566-c500-493c-b736-e29c433372c7', 'publicationDate': '2022-01-29T04:04:18.060981822Z', 'illuminationElevationAngle': 55.50852531604602, 'productType': 'bundle', 'expirationDate': '2023-01-29T04:04:18.060986081Z', 'workspaceId': '0e33eb50-3404-48ad-b835-b0b4b72a5625', 'incidenceAngleAcrossTrack': -4.772459107662145, 'illuminationAzimuthAngle': 135.7669544944233, 'format': 'image/jp2', 'incidenceAngleAlongTrack': 24.22641925049426, 'incidenceAngle': 24.5912905039241, 'processingCenter': 'FCMUGC', 'archiveIdentifier': 'DS_PHR1B_202201281022276_FR1_PX_E003N06_0211_01618', 'organisationName': 'AIRBUS DS GEO'}",4819a591-3dcf-4925-8fcb-1e72332c1904,airbus,2022-01-28 10:22:27.680000+00:00,,,7.15,0.5,MINUTES,275480,24.5912905039241,28,457.67408821480933,"POLYGON ((3.06365491 6.52971522, 3.06378851 6.33975102, 3.26035595 6.34681655, 3.26047175 6.53725899, 3.06365491 6.52971522))",73
139,ccf580d6-b991-4e17-9dd9-f83aae9eb3fc,phr,phr,oneatlas,"{'qualified': False, 'sourceIdentifier': 'DS_PHR1B_202101201039558_FR1_PX_E003N06_0511_00898', 'acquisitionStation': 'FR1', 'archivingCenter': 'FR1', 'lastUpdateDate': '2021-01-20T12:36:48Z', 'processingDate': '2021-01-20T12:16:07.314Z', 'parentIdentifier': 'DS_PHR1B_202101201039558_FR1_PX_E003N06_0511_00898', 'azimuthAngle': 180.0549168457375, 'workspaceTitle': 'Public', 'spectralRange': 'VISIBLE', 'productCategory': 'image', 'activityId': 'fc253e01-7589-4909-8fd0-219bb9b79aa5', 'processingLevel': 'ALBUM', 'acquisitionIdentifier': None, 'sensorType': 'OPTICAL', 'productionStatus': 'ARCHIVED', 'geometryCentroid': [3.4039618177843276, 6.427071093237948], 'processorName': 'MMCAT', 'workspaceName': 'public', 'correlationId': 'mmcat_a3761b49-27ce-4f08-9730-1ab13b8989cf', 'publicationDate': '2021-01-20T12:20:48.33763349Z', 'illuminationElevationAngle': 57.29290520978482, 'productType': 'mono', 'expirationDate': '2022-01-20T12:20:48.337638118Z', 'workspaceId': '0e33eb50-3404-48ad-b835-b0b4b72a5625', 'incidenceAngleAcrossTrack': -36.80841455226515, 'illuminationAzimuthAngle': 144.287710181478, 'format': 'image/jp2', 'incidenceAngleAlongTrack': -36.23423255530438, 'incidenceAngle': 46.32557744608363, 'processingCenter': 'MOC', 'archiveIdentifier': 'DS_PHR1B_202101201039558_FR1_PX_E003N06_0511_00898', 'organisationName': 'AIRBUS DS GEO', 'snowCover': 0}",ccf580d6-b991-4e17-9dd9-f83aae9eb3fc,airbus,2021-01-20 10:39:55.806000+00:00,,,2.64198,0.5,HOURS,380970,46.32557744608363,29,530.9404561494163,"POLYGON ((3.24874353 6.41373846, 3.27033422 6.40632093, 3.42115103 6.35301066, 3.5591801 6.30236306, 3.55907623 6.33007449, 3.55801709 6.44485294, 3.52028443 6.45844157, 3.38267522 6.50680572, 3.24966681 6.55175273, 3.24874353 6.41373846))",139
