image_id,id,constellation,collection,providerName,providerProperties,sceneId,producer,acquisitionDate,start_datetime,end_datetime,cloudCoverage,resolution,deliveryTime,cost,image_id,area,geometry,local_image_id
5,fb265cd6-4440-4285-ab10-216068251197,phr,phr,oneatlas,"{'commercialReference': 'SO22069100', 'qualified': False, 'sourceIdentifier': 'DS_PHR1A_202212271047166_FR1_PX_E002N48_0824_01783', 'acquisitionStation': 'SV1', 'archivingCenter': 'FR1', 'lastUpdateDate': '2022-12-28T13:20:20.724410738Z', 'processingDate': '2022-12-28T03:21:04.630', 'parentIdentifier': 'DS_PHR1A_202212271047536_FR1_PX_E002N48_0824_01787', 'azimuthAngle': 179.9748771209819, 'workspaceTitle': 'Public', 'spectralRange': 'VISIBLE', 'productCategory': 'image', 'activityId': 'a0830b8d-68eb-435a-a716-beedbbe2819d', 'processingLevel': 'SENSOR', 'acquisitionIdentifier': '', 'sensorType': 'OPTICAL', 'customerReference': 'C301000', 'productionStatus': 'IN_CLOUD', 'geometryCentroid': {'lat': 48.982480727089055, 'lon': 2.6000181445358717}, 'workspaceName': 'public', 'processorName': 'DRS-MM V2.9vV2.9', 'correlationId': '7628dca3-5ed3-4c2f-9732-4f4bec5a0f0c', 'publicationDate': '2022-12-28T13:20:20.724410738Z', 'illuminationElevationAngle': 16.50125173126885, 'productType': 'bundle', 'workspaceId': '0e33eb50-3404-48ad-b835-b0b4b72a5625', 'expirationDate': '2023-12-28T13:20:20.724423618Z', 'incidenceAngleAcrossTrack': 17.34888362793004, 'illuminationAzimuthAngle': 164.7889596597749, 'format': 'image/jp2', 'incidenceAngleAlongTrack': -1.211327031084212, 'incidenceAngle': 17.38618798243928, 'processingCenter': 'FCMUGC', 'archiveIdentifier': 'DS_PHR1A_202212271047536_FR1_PX_E002N48_0824_01787', 'organisationName': 'AIRBUS DS GEO'}",fb265cd6-4440-4285-ab10-216068251197,airbus,2022-12-27 10:47:53.680000+00:00,,,9.51,0.5,MINUTES,263910,0,449.8024424331681,"POLYGON ((2.750146 49.07536098, 2.44989029 49.07499767, 2.45084582 48.88952075000001, 2.74905553 48.89151245, 2.750146 49.07536098))",5
211,19ca438f-0ed1-4bc5-865d-a3022ae52560,phr,phr,oneatlas,"{'commercialReference': 'SO22023758', 'qualified': False, 'sourceIdentifier': 'DS_PHR1B_202205111105560_FR1_PX_E002N48_0524_01800', 'acquisitionStation': 'SV1', 'archivingCenter': 'FR1', 'lastUpdateDate': '2022-05-13T04:07:52.464507371Z', 'processingDate': '2022-05-13T02:43:31.661', 'parentIdentifier': 'DS_PHR1B_202205111106330_FR1_PX_E002N48_0524_01804', 'azimuthAngle': 180.0001081849431, 'workspaceTitle': 'Public', 'spectralRange': 'VISIBLE', 'productCategory': 'image', 'activityId': '8fbda1c6-8ff2-403a-92e2-2badac109fed', 'processingLevel': 'SENSOR', 'acquisitionIdentifier': '', 'sensorType': 'OPTICAL', 'customerReference': 'C301000', 'productionStatus': 'IN_CLOUD', 'geometryCentroid': {'lat': 48.983725459571176, 'lon': 2.362319408474305}, 'workspaceName': 'public', 'processorName': 'DRS-MM V2.9vV2.9', 'correlationId': '24060461-3302-42a6-886a-eb69191845ea', 'publicationDate': '2022-05-13T04:07:52.464507371Z', 'illuminationElevationAngle': 58.04671759757491, 'productType': 'bundle', 'workspaceId': '0e33eb50-3404-48ad-b835-b0b4b72a5625', 'expirationDate': '2023-05-13T04:07:52.464512125Z', 'incidenceAngleAcrossTrack': -9.78494311682749, 'illuminationAzimuthAngle': 161.3705853850021, 'format': 'image/jp2', 'incidenceAngleAlongTrack': -8.959974078286436, 'incidenceAngle': 13.15230221205111, 'processingCenter': 'FCMUGC', 'archiveIdentifier': 'DS_PHR1B_202205111106330_FR1_PX_E002N48_0524_01804', 'organisationName': 'AIRBUS DS GEO'}",19ca438f-0ed1-4bc5-865d-a3022ae52560,airbus,2022-05-11 11:06:33.056000+00:00,,,0.0,0.5,MINUTES,357640,1,428.3061955937141,"POLYGON ((2.21997477 49.0786, 2.22009899 48.89421274, 2.50466405 48.88879629, 2.5045454 49.07421918, 2.21997477 49.0786))",211
87,a63894c3-3c53-49da-b633-c85ba6d0dde5,pneo,pneo,oneatlas,"{'commercialReference': '000036131', 'qualified': False, 'lastUpdateDate': '2022-08-12T18:06:03Z', 'processingDate': '2022-08-12T17:44:40.586Z', 'azimuthAngle': 340.85714629531475, 'workspaceTitle': 'Workspace temporaire pour la data pneo', 'spectralRange': 'VISIBLE', 'productCategory': 'image', 'activityId': '676ab75e-8b02-4514-8262-8b152eb5be4d', 'processingLevel': 'SENSOR', 'acquisitionIdentifier': 'ACQ_PNEO3_00719400557346', 'sensorType': 'OPTICAL', 'customerReference': 'BP_PNEO_BO_OA_LL_Worldcities_21', 'productionStatus': 'IN_CLOUD', 'geometryCentroid': {'lat': 48.84763409900975, 'lon': 2.1374746020259563}, 'workspaceName': 'public-pneo', 'processorName': 'SPICYv1.2.6', 'correlationId': 'PWOI_000036131_5_1_I_1', 'publicationDate': '2022-08-12T18:00:00.258725703Z', 'illuminationElevationAngle': 32.92897133737268, 'productType': 'bundle', 'workspaceId': '3e88441b-adc9-4be6-bd80-59d4fb69d5a7', 'expirationDate': '2023-08-12T18:06:03Z', 'incidenceAngleAcrossTrack': -8.747436059602995, 'illuminationAzimuthAngle': 170.25485679506338, 'format': 'SAFIR', 'internalLine': '5_1', 'incidenceAngleAlongTrack': -21.046165587143538, 'internalReference': 'SAL22030226', 'incidenceAngle': 22.17875296249524, 'processingCenter': '', 'organisationName': '', 'contractId': 'CTR22000671'}",a63894c3-3c53-49da-b633-c85ba6d0dde5,airbus,2021-10-14 11:04:44.854000+00:00,,,0.0,0.33,MINUTES,892008,2,495.9048077614428,"POLYGON ((2.03349667 48.99740224, 2.03353663 48.7060024, 2.24136891 48.69807068, 2.24145253 48.99118346999998, 2.03349667 48.99740224))",87
258,d150ae99-5823-4119-ae3b-53ae7517693e,phr,phr,oneatlas,"{'qualified': False, 'sourceIdentifier': 'DS_PHR1B_202202171055506_FR1_PX_E002N49_1001_02636', 'acquisitionStation': 'FR1', 'archivingCenter': 'FR1', 'lastUpdateDate': '2022-03-03T11:48:53Z', 'processingDate': '2022-02-17T11:34:30.264Z', 'parentIdentifier': 'DS_PHR1B_202202171055506_FR1_PX_E002N49_1001_02636', 'azimuthAngle': 180.0202041345995, 'workspaceTitle': 'Public', 'spectralRange': 'VISIBLE', 'productCategory': 'image', 'activityId': 'b7fdeb80-dd5e-40ef-9597-32ae8c28e4fc', 'processingLevel': 'ALBUM', 'acquisitionIdentifier': None, 'sensorType': 'OPTICAL', 'productionStatus': 'ARCHIVED', 'geometryCentroid': [2.785155971970042, 49.01725121155298], 'workspaceName': 'public', 'processorName': 'MMCAT', 'correlationId': 'mmcat_f5d5fbebdea48033418b0053a7ca7d8f', 'publicationDate': '2022-02-17T11:49:05.676855128Z', 'illuminationElevationAngle': 27.44396950949942, 'productType': 'mono', 'workspaceId': '0e33eb50-3404-48ad-b835-b0b4b72a5625', 'expirationDate': '2032-02-29T11:47:28.188124548Z', 'incidenceAngleAcrossTrack': -1.131631312880642, 'illuminationAzimuthAngle': 161.2402151746761, 'incidenceAngleAlongTrack': 17.54883596308436, 'incidenceAngle': 17.58093292986063, 'processingCenter': 'MOC', 'archiveIdentifier': 'DS_PHR1B_202202171055506_FR1_PX_E002N49_1001_02636', 'organisationName': 'AIRBUS DS GEO', 'snowCover': 0}",d150ae99-5823-4119-ae3b-53ae7517693e,airbus,2022-02-17 10:55:50.680000+00:00,,,83.32473324911182,0.5,HOURS,23080,3,668.0041905212798,"POLYGON ((2.64254381 48.8731201, 2.67656103 48.87358971, 2.85878675 48.87446465, 2.92762258 48.87398449, 2.92867479 49.16125673, 2.78149259 49.16148276, 2.64163716 49.15999861999999, 2.64254381 48.8731201))",258
269,3086df6c-91fe-4c9b-b5a6-c84a96df4181,pneo,pneo,oneatlas,"{'qualified': False, 'lastUpdateDate': '2022-01-17T12:15:13Z', 'processingDate': '2022-01-02T11:56:01.996Z', 'azimuthAngle': 180.03715241948947, 'workspaceTitle': 'Workspace temporaire pour la data pneo', 'spectralRange': 'VISIBLE', 'productCategory': 'image', 'activityId': 'acc70a17-63a6-415b-bc91-d7652145c9c8', 'processingLevel': 'ALBUM', 'acquisitionIdentifier': 'ACQ_PNEO4_01003101174748', 'sensorType': 'OPTICAL', 'productionStatus': 'ARCHIVED', 'geometryCentroid': [2.3381803848388842, 48.86994455183817], 'workspaceName': 'public-pneo', 'processorName': 'MMCAT', 'correlationId': 'mmcat_a57bf0c0846527629318d29df8200199', 'publicationDate': '2022-01-02T11:57:54.263057957Z', 'illuminationElevationAngle': 17.003312249575444, 'productType': 'mono', 'workspaceId': '3e88441b-adc9-4be6-bd80-59d4fb69d5a7', 'expirationDate': '2032-01-15T12:14:18.110307377Z', 'incidenceAngleAcrossTrack': 3.2204079060562973, 'illuminationAzimuthAngle': 165.57300630688388, 'incidenceAngleAlongTrack': 8.506155554350936, 'incidenceAngle': 9.065322301922084, 'processingCenter': 'MOC', 'organisationName': 'AIRBUS DS GEO', 'snowCover': 0}",3086df6c-91fe-4c9b-b5a6-c84a96df4181,airbus,2022-01-02 10:54:16.998000+00:00,,,98.0,0.3,HOURS,372600,4,207.97874244210232,"POLYGON ((2.24078778 48.93601261, 2.24118727 48.80776377, 2.24119196 48.80696934, 2.24119925 48.80484865, 2.43526625 48.80385266, 2.4352737 48.80596629, 2.43527326 48.806761409999986, 2.43557299 48.93492141, 2.24078778 48.93601261))",269
270,fcf79d55-caf8-47ba-b505-7bff7d97369b,pneo,pneo,oneatlas,"{'qualified': False, 'lastUpdateDate': '2022-01-17T12:17:04Z', 'processingDate': '2022-01-02T11:41:06.456Z', 'azimuthAngle': 180.08199834152228, 'workspaceTitle': 'Workspace temporaire pour la data pneo', 'spectralRange': 'VISIBLE', 'productCategory': 'image', 'activityId': 'cd86717e-17fa-4aa6-9ad2-07a22045ccc3', 'processingLevel': 'ALBUM', 'acquisitionIdentifier': 'ACQ_PNEO4_01003101174747', 'sensorType': 'OPTICAL', 'productionStatus': 'ARCHIVED', 'geometryCentroid': [2.338208367302378, 48.86984640648966], 'workspaceName': 'public-pneo', 'processorName': 'MMCAT', 'correlationId': 'mmcat_8263d14c3106742347bfd87536a8bdd3', 'publicationDate': '2022-01-02T11:43:38.642195384Z', 'illuminationElevationAngle': 16.98828733857692, 'productType': 'mono', 'workspaceId': '3e88441b-adc9-4be6-bd80-59d4fb69d5a7', 'expirationDate': '2032-01-15T12:16:42.266756278Z', 'incidenceAngleAcrossTrack': 6.888350337001015, 'illuminationAzimuthAngle': 165.48613810128205, 'incidenceAngleAlongTrack': -6.216039137113246, 'incidenceAngle': 9.18357106916745, 'processingCenter': 'MOC', 'organisationName': 'AIRBUS DS GEO', 'snowCover': 0}",fcf79d55-caf8-47ba-b505-7bff7d97369b,airbus,2022-01-02 10:53:54.989000+00:00,,,98.0,0.3,HOURS,378000,5,210.42003708543365,"POLYGON ((2.2401665 48.93499358999998, 2.2406399 48.80738776, 2.24064434 48.8065994, 2.24068046 48.8031035, 2.43587596 48.80479644, 2.43587207 48.80829323, 2.43587331 48.80908127, 2.43625023 48.93656552, 2.2401665 48.93499358999998))",270
105,6cd7b9fa-2812-46a1-bb5c-52a2013fff2e,pneo,pneo,oneatlas,"{'commercialReference': '000035561', 'qualified': False, 'lastUpdateDate': '2022-08-07T18:00:54Z', 'processingDate': '2022-08-07T17:48:39.344Z', 'azimuthAngle': 121.71414670898348, 'workspaceTitle': 'Workspace temporaire pour la data pneo', 'spectralRange': 'VISIBLE', 'productCategory': 'image', 'activityId': 'c3eec5ad-5494-4233-b071-24da28944839', 'processingLevel': 'SENSOR', 'acquisitionIdentifier': 'ACQ_PNEO3_01317901860542', 'sensorType': 'OPTICAL', 'customerReference': 'BP_PNEO_BO_OA_LL_Worldcities_18', 'productionStatus': 'IN_CLOUD', 'geometryCentroid': {'lat': 49.07000567117389, 'lon': 2.4850284767709327}, 'workspaceName': 'public-pneo', 'processorName': 'SPICYv1.2.4', 'correlationId': 'PWOI_000035561_5_1_I_1', 'publicationDate': '2022-08-07T17:56:39.003095479Z', 'illuminationElevationAngle': 37.14799219710483, 'productType': 'bundle', 'workspaceId': '3e88441b-adc9-4be6-bd80-59d4fb69d5a7', 'expirationDate': '2023-08-07T18:00:54Z', 'incidenceAngleAcrossTrack': 16.161150685458132, 'illuminationAzimuthAngle': 157.28266203633336, 'format': 'SAFIR', 'internalLine': '5_1', 'incidenceAngleAlongTrack': 10.060182414018758, 'internalReference': 'SAL22029695', 'incidenceAngle': 18.425513488095, 'processingCenter': '', 'organisationName': '', 'contractId': 'CTR22000671'}",6cd7b9fa-2812-46a1-bb5c-52a2013fff2e,airbus,2022-03-18 10:46:48.373000+00:00,,,0.0,0.32,MINUTES,135702,6,232.71567983456944,"POLYGON ((2.37958551 49.14131364, 2.38030862 49.00484318, 2.58991657 48.99866992, 2.59047144 49.1346268, 2.37958551 49.14131364))",105
249,2e7b5922-d3fa-4f16-be13-f28428d4d824,pneo,pneo,oneatlas,"{'commercialReference': '000017245', 'qualified': False, 'lastUpdateDate': '2022-06-28T13:16:29Z', 'processingDate': '2022-04-13T14:37:54.716Z', 'azimuthAngle': 278.5677300760976, 'workspaceTitle': 'Workspace temporaire pour la data pneo', 'spectralRange': 'VISIBLE', 'productCategory': 'image', 'activityId': '739daa13-050d-4ad9-83f8-5b02acef4fe4', 'processingLevel': 'SENSOR', 'acquisitionIdentifier': 'ACQ_PNEO3_00626800410897', 'sensorType': 'OPTICAL', 'customerReference': 'BP_PNEO_BO_OA_LL_EUcities_2', 'productionStatus': 'IN_CLOUD', 'geometryCentroid': {'lat': 48.849446469018666, 'lon': 2.452016371130642}, 'workspaceName': 'public-pneo', 'processorName': 'SPICYv1.1.12', 'correlationId': 'PWOI_000017245_4_1_I_1', 'publicationDate': '2022-04-13T15:13:09.657912789Z', 'illuminationElevationAngle': 40.659559538123176, 'productType': 'bundle', 'workspaceId': '3e88441b-adc9-4be6-bd80-59d4fb69d5a7', 'expirationDate': '2023-06-28T13:16:29Z', 'incidenceAngleAcrossTrack': -8.92713406971836, 'illuminationAzimuthAngle': 166.2843647554954, 'format': 'SAFIR', 'internalLine': '4_1', 'incidenceAngleAlongTrack': -1.168733697963342, 'internalReference': 'SAL22013858', 'incidenceAngle': 8.998605576816251, 'processingCenter': '', 'organisationName': '', 'contractId': 'CTR22000671'}",2e7b5922-d3fa-4f16-be13-f28428d4d824,airbus,2021-09-23 11:01:31.383000+00:00,,,0.0,0.3,MINUTES,823536,7,457.8651233475245,"POLYGON ((2.35366228 48.99199255, 2.3538919 48.7075174, 2.55030718 48.7063745, 2.55037046 48.99270768, 2.35366228 48.99199255))",249
0,42abf94b-f15c-4e78-82ed-12a1b6fae399,phr,phr,oneatlas,"{'qualified': False, 'sourceIdentifier': 'DS_PHR1B_202104041058355_FR1_PX_E002N48_0524_01542', 'acquisitionStation': 'SV1', 'archivingCenter': 'FR1', 'lastUpdateDate': '2023-02-23T13:59:22.940612925Z', 'processingDate': '2021-04-04T15:43:08.753Z', 'parentIdentifier': 'DS_PHR1B_202104041058355_FR1_PX_E002N48_0524_01542', 'azimuthAngle': 180.0406839832543, 'title': '', 'workspaceTitle': 'Public', 'spectralRange': 'VISIBLE', 'productCategory': 'image', 'activityId': 'fcbe7a99-a7ca-4a71-9c11-deb1e9f7870b', 'processingLevel': 'ALBUM', 'acquisitionIdentifier': '', 'sensorType': 'OPTICAL', 'productionStatus': 'ARCHIVED', 'geometryCentroid': {'lat': 48.981936796137546, 'lon': 2.362412614834145}, 'workspaceName': 'public', 'processorName': 'MMCAT', 'correlationId': 'b68beab1-8ba2-4d3f-cd3b-8444951c4cb4', 'publicationDate': '2023-02-23T13:59:22.940612925Z', 'illuminationElevationAngle': 45.48662341349219, 'productType': 'mono', 'workspaceId': '0e33eb50-3404-48ad-b835-b0b4b72a5625', 'expirationDate': '2031-04-04T00:00:00+02:00', 'incidenceAngleAcrossTrack': 8.661781931591781, 'illuminationAzimuthAngle': 160.1165199434093, 'format': 'image/tiff', 'incidenceAngleAlongTrack': -28.74200064065388, 'incidenceAngle': 29.64860153985775, 'processingCenter': 'MOC', 'archiveIdentifier': 'DS_PHR1B_202104041058355_FR1_PX_E002N48_0524_01542', 'organisationName': 'AIRBUS DS GEO', 'snowCover': 0}",42abf94b-f15c-4e78-82ed-12a1b6fae399,airbus,2021-04-04 10:58:35.555000+00:00,,,2.7,0.5,HOURS,413640,8,504.229894231947,"POLYGON ((2.51959813 49.08903161, 2.42094736 49.08477548, 2.29694848 49.07827232, 2.2052271 49.07218819, 2.20535803 48.96625666, 2.20588432 48.87478196, 2.33564418 48.8829013, 2.42858266 48.88814536, 2.5192902 48.89229081, 2.51959813 49.08903161))",0
321,6df21397-0400-48df-b19a-233b65ced63f,phr,phr,oneatlas,"{'qualified': False, 'sourceIdentifier': 'DS_PHR1A_202105131059065_FR1_PX_E002N48_0623_01048', 'acquisitionStation': 'SV1', 'archivingCenter': 'FR1', 'lastUpdateDate': '2021-05-14T08:11:42Z', 'processingDate': '2021-05-13T20:53:06.343Z', 'parentIdentifier': 'DS_PHR1A_202105131059065_FR1_PX_E002N48_0623_01048', 'azimuthAngle': 180.0634640248185, 'workspaceTitle': 'Public', 'spectralRange': 'VISIBLE', 'productCategory': 'image', 'activityId': 'e336ea91-0b9d-4779-a198-0d72baaabf3b', 'processingLevel': 'ALBUM', 'acquisitionIdentifier': None, 'sensorType': 'OPTICAL', 'productionStatus': 'ARCHIVED', 'geometryCentroid': [2.442131158102651, 48.957112287703204], 'workspaceName': 'public', 'processorName': 'MMCAT', 'correlationId': 'mmcat_081116ed-7e7d-4f95-9513-aa07e33fc809', 'publicationDate': '2021-05-13T21:08:09.060031991Z', 'illuminationElevationAngle': 58.23653713682333, 'productType': 'mono', 'workspaceId': '0e33eb50-3404-48ad-b835-b0b4b72a5625', 'expirationDate': '2031-05-12T08:09:28.589562922Z', 'incidenceAngleAcrossTrack': 0.0671432955792743, 'illuminationAzimuthAngle': 158.2015397303843, 'format': 'image/jp2', 'incidenceAngleAlongTrack': -0.02540375750091113, 'incidenceAngle': 0.07178838244971054, 'processingCenter': 'MOC', 'archiveIdentifier': 'DS_PHR1A_202105131059065_FR1_PX_E002N48_0623_01048', 'organisationName': 'AIRBUS DS GEO', 'snowCover': 0}",6df21397-0400-48df-b19a-233b65ced63f,airbus,2021-05-13 10:59:06.555000+00:00,,,46.1,0.5,HOURS,228890,9,229.06855708076816,"POLYGON ((2.3054501 48.9052885, 2.40494878 48.90598831, 2.57868416 48.90526569, 2.5790188 49.00809078999998, 2.46583703 49.00883276, 2.30524352 49.008106029999986, 2.3054501 48.9052885))",321
86,9f251efe-f881-446d-9c01-e740bc0f8e8f,pneo,pneo,oneatlas,"{'commercialReference': '000037420', 'qualified': False, 'lastUpdateDate': '2022-08-19T14:47:15Z', 'processingDate': '2022-08-19T14:40:33.404Z', 'azimuthAngle': 108.85194058535134, 'workspaceTitle': 'Workspace temporaire pour la data pneo', 'spectralRange': 'VISIBLE', 'productCategory': 'image', 'activityId': '069fe7e2-910d-42fb-826f-b3227689f2f6', 'processingLevel': 'SENSOR', 'acquisitionIdentifier': 'ACQ_PNEO4_01810503432092', 'sensorType': 'OPTICAL', 'customerReference': 'BP_PNEO_BO_OA_LL_Worldcities_25', 'productionStatus': 'IN_CLOUD', 'geometryCentroid': {'lat': 48.924047250700944, 'lon': 2.3616386585927773}, 'workspaceName': 'public-pneo', 'processorName': 'SPICYv1.2.6', 'correlationId': 'PWOI_000037420_4_1_I_1', 'publicationDate': '2022-08-19T14:45:14.325470507Z', 'illuminationElevationAngle': 56.12135005589149, 'productType': 'bundle', 'workspaceId': '3e88441b-adc9-4be6-bd80-59d4fb69d5a7', 'expirationDate': '2023-08-19T14:47:15Z', 'incidenceAngleAcrossTrack': 11.077790256951841, 'illuminationAzimuthAngle': 150.78013855396574, 'format': 'SAFIR', 'internalLine': '4_1', 'incidenceAngleAlongTrack': 3.9974405924504, 'internalReference': 'SAL22031285', 'incidenceAngle': 11.697191162488048, 'processingCenter': '', 'organisationName': '', 'contractId': 'CTR22000671'}",9f251efe-f881-446d-9c01-e740bc0f8e8f,airbus,2022-08-03 10:50:25.758000+00:00,,,0.0,0.31,MINUTES,243270,10,135.25222055288404,"POLYGON ((2.26166385 48.966434409999984, 2.26189493 48.88322039, 2.46138133 48.88159770999999, 2.46161347 48.96457801, 2.26166385 48.966434409999984))",86
63,3d7b6235-e5a7-401b-9fb4-d81efdbb66a4,pneo,pneo,oneatlas,"{'qualified': False, 'lastUpdateDate': '2022-09-12T06:22:59.57363163Z', 'processingDate': '2022-09-11T11:05:05.074Z', 'azimuthAngle': 179.87656661211534, 'title': '', 'workspaceTitle': 'Workspace temporaire pour la data pneo', 'spectralRange': 'VISIBLE', 'productCategory': 'image', 'activityId': 'e39ffc17-7e2b-4dcc-b6b7-87534dbb3679', 'processingLevel': 'ALBUM', 'acquisitionIdentifier': 'ACQ_PNEO3_02010503960431', 'sensorType': 'OPTICAL', 'productionStatus': 'ARCHIVED', 'geometryCentroid': {'lat': 48.59980502289805, 'lon': 2.311336065378558}, 'workspaceName': 'public-pneo', 'processorName': 'MMCAT', 'correlationId': '7663457d-b2a8-4eb5-ba9a-dd194510ab2e', 'publicationDate': '2022-09-12T06:22:59.57363163Z', 'illuminationElevationAngle': 45.004950092947006, 'productType': 'mono', 'workspaceId': '3e88441b-adc9-4be6-bd80-59d4fb69d5a7', 'expirationDate': '2032-09-09T06:22:04.697530216Z', 'incidenceAngleAcrossTrack': 9.782878947803875, 'illuminationAzimuthAngle': 159.5723628179384, 'format': 'image/tiff', 'incidenceAngleAlongTrack': 8.513095741318889, 'incidenceAngle': 12.677718977719394, 'processingCenter': 'MOC', 'organisationName': 'AIRBUS DS GEO', 'snowCover': 0}",3d7b6235-e5a7-401b-9fb4-d81efdbb66a4,airbus,2022-09-11 10:50:38.453000+00:00,,,28.0,0.3,HOURS,46800,11,173.20776418657607,"POLYGON ((2.21220599 48.65471625, 2.21255699 48.547970839999984, 2.41011729 48.54484854, 2.41046614 48.65151458, 2.21220599 48.65471625))",63
214,dfb6e782-675f-4b6c-92a9-46a77afdb611,phr,phr,oneatlas,"{'commercialReference': 'SO22022728', 'qualified': False, 'sourceIdentifier': 'DS_PHR1B_202205061055203_FR1_PX_E002N48_0218_03125', 'acquisitionStation': 'FR1', 'archivingCenter': 'FR1', 'lastUpdateDate': '2022-05-09T06:38:53.062416373Z', 'processingDate': '2022-05-09T06:06:14.524', 'parentIdentifier': 'DS_PHR1B_202205061055573_FR1_PX_E002N48_0218_03129', 'azimuthAngle': 180.0036401241452, 'workspaceTitle': 'Public', 'spectralRange': 'VISIBLE', 'productCategory': 'image', 'activityId': 'd21742a5-4797-4b83-befa-e76ef5231130', 'processingLevel': 'SENSOR', 'acquisitionIdentifier': '', 'sensorType': 'OPTICAL', 'customerReference': 'C301000', 'productionStatus': 'IN_CLOUD', 'geometryCentroid': {'lat': 48.74128194870845, 'lon': 2.1261464107597847}, 'workspaceName': 'public', 'processorName': 'DRS-MM V2.9vV2.9', 'correlationId': 'd1aaa281-7096-46f5-82ba-a34d8646dddd', 'publicationDate': '2022-05-09T06:38:53.062416373Z', 'illuminationElevationAngle': 56.25448323931123, 'productType': 'bundle', 'workspaceId': '0e33eb50-3404-48ad-b835-b0b4b72a5625', 'expirationDate': '2023-05-09T06:38:53.062421259Z', 'incidenceAngleAcrossTrack': 2.341754784582595, 'illuminationAzimuthAngle': 156.6473608437935, 'format': 'image/jp2', 'incidenceAngleAlongTrack': 19.11870542676585, 'incidenceAngle': 19.24156770514443, 'processingCenter': 'FCMUGC', 'archiveIdentifier': 'DS_PHR1B_202205061055573_FR1_PX_E002N48_0218_03129', 'organisationName': 'AIRBUS DS GEO'}",dfb6e782-675f-4b6c-92a9-46a77afdb611,airbus,2022-05-06 10:55:57.306000+00:00,,,8.04,0.5,MINUTES,569930,12,813.5519452816112,"POLYGON ((1.98199702 48.91597396, 1.98340309 48.56917543, 2.26888764 48.56681441, 2.2702958 48.913429739999984, 1.98199702 48.91597396))",214
120,ffc1b596-bde6-4d81-8b5a-7ce636d33f3f,phr,phr,oneatlas,"{'qualified': False, 'sourceIdentifier': 'DS_PHR1A_202207151106200_FR1_PX_E002N49_0203_05698', 'acquisitionStation': 'FR1', 'archivingCenter': 'FR1', 'lastUpdateDate': '2022-07-29T13:01:05.535152774Z', 'processingDate': '2022-07-15T12:05:38.475Z', 'parentIdentifier': 'DS_PHR1A_202207151106200_FR1_PX_E002N49_0203_05698', 'azimuthAngle': 180.0282413199236, 'title': '', 'workspaceTitle': 'Public', 'spectralRange': 'VISIBLE', 'productCategory': 'image', 'activityId': 'fb5967bd-441a-4320-a74c-1b5a2cf02965', 'processingLevel': 'ALBUM', 'acquisitionIdentifier': '', 'sensorType': 'OPTICAL', 'productionStatus': 'ARCHIVED', 'geometryCentroid': {'lat': 49.08796811503072, 'lon': 2.126771704222625}, 'workspaceName': 'public', 'processorName': 'MMCAT', 'correlationId': '1f5bc55a-8858-4872-afa9-5a404b5d7d1a', 'publicationDate': '2022-07-29T13:01:05.535152774Z', 'illuminationElevationAngle': 60.7278530359625, 'productType': 'mono', 'workspaceId': '0e33eb50-3404-48ad-b835-b0b4b72a5625', 'expirationDate': '2032-07-26T12:52:08.092441765Z', 'incidenceAngleAcrossTrack': -2.725612001113912, 'illuminationAzimuthAngle': 154.9212842378531, 'format': 'image/tiff', 'incidenceAngleAlongTrack': -26.28767685008285, 'incidenceAngle': 26.39299813055677, 'processingCenter': 'MOC', 'archiveIdentifier': 'DS_PHR1A_202207151106200_FR1_PX_E002N49_0203_05698', 'organisationName': 'AIRBUS DS GEO', 'snowCover': 0}",ffc1b596-bde6-4d81-8b5a-7ce636d33f3f,airbus,2022-07-15 11:06:20.055000+00:00,,,0.0,0.5,HOURS,650100,13,1727.4260020374609,"POLYGON ((1.9755334 48.74087936, 2.04104914 48.74038693, 2.10048347 48.73960110999999, 2.17530275 48.73816038, 2.27837459 48.73513593, 2.27792368 48.79617478, 2.27856255 49.43793393, 2.25684741 49.43850464, 2.152985 49.44056856, 2.06303935 49.44157431, 2.03325518 49.44206403, 1.97498086 49.44227986, 1.9755334 48.74087936))",120
89,6556e9df-f798-4a1f-a72c-5332e7200248,phr,phr,oneatlas,"{'commercialReference': 'SO22042160', 'qualified': False, 'sourceIdentifier': 'DS_PHR1B_202208111058439_FR1_PX_E002N49_0101_01196', 'acquisitionStation': 'SV1', 'archivingCenter': 'FR1', 'lastUpdateDate': '2022-08-12T05:06:33.268238129Z', 'processingDate': '2022-08-12T03:57:50.169', 'parentIdentifier': 'DS_PHR1B_202208111059209_FR1_PX_E002N49_0101_01200', 'azimuthAngle': 180.0226539504293, 'workspaceTitle': 'Public', 'spectralRange': 'VISIBLE', 'productCategory': 'image', 'activityId': '81ecd15e-ea2e-4b9d-bd39-19d21bcdb127', 'processingLevel': 'SENSOR', 'acquisitionIdentifier': '', 'sensorType': 'OPTICAL', 'customerReference': 'C301000', 'productionStatus': 'IN_CLOUD', 'geometryCentroid': {'lat': 49.035757467311726, 'lon': 2.0581471725965685}, 'workspaceName': 'public', 'processorName': 'DRS-MM V2.9vV2.9', 'correlationId': '2d04a733-cb31-407f-bb06-e1d54caab209', 'publicationDate': '2022-08-12T05:06:33.268238129Z', 'illuminationElevationAngle': 54.31447193137818, 'productType': 'bundle', 'workspaceId': '0e33eb50-3404-48ad-b835-b0b4b72a5625', 'expirationDate': '2023-08-12T05:06:33.268250228Z', 'incidenceAngleAcrossTrack': 2.431884752986482, 'illuminationAzimuthAngle': 155.5422217757929, 'format': 'image/jp2', 'incidenceAngleAlongTrack': -0.4085640141791573, 'incidenceAngle': 2.46588471052107, 'processingCenter': 'FCMUGC', 'archiveIdentifier': 'DS_PHR1B_202208111059209_FR1_PX_E002N49_0101_01200', 'organisationName': 'AIRBUS DS GEO'}",6556e9df-f798-4a1f-a72c-5332e7200248,airbus,2022-08-11 10:59:20.931000+00:00,,,0.0,0.5,MINUTES,99210,14,262.81268681273104,"POLYGON ((1.9206996 49.09455539999998, 1.92099288 48.97676117, 2.19520283 48.97691412000001, 2.19559474 49.094555589999985, 1.9206996 49.09455539999998))",89
310,99066522-356c-4004-ad47-ebb0b8572add,pneo,pneo,oneatlas,"{'qualified': False, 'lastUpdateDate': '2021-09-13T11:53:58.100801677Z', 'processingDate': '2021-09-12T12:51:01.583Z', 'azimuthAngle': 179.9413159460085, 'workspaceTitle': 'Workspace temporaire pour la data pneo', 'spectralRange': 'VISIBLE', 'productCategory': 'image', 'activityId': 'f777c61e-1b3b-4f60-a896-a8e7ec16f1ae', 'processingLevel': 'ALBUM', 'acquisitionIdentifier': 'ACQ_PNEO3_00610500340896', 'sensorType': 'OPTICAL', 'productionStatus': 'ARCHIVED', 'geometryCentroid': [2.0667082667059478, 48.70888048078063], 'workspaceName': 'public-pneo', 'processorName': 'MMCAT', 'correlationId': 'mmcat_753222f5-9613-44a2-a2d2-e75c7d901148', 'publicationDate': '2021-09-13T11:53:58.100801677Z', 'illuminationElevationAngle': 44.521508204657984, 'productType': 'mono', 'workspaceId': '3e88441b-adc9-4be6-bd80-59d4fb69d5a7', 'expirationDate': '2031-09-11T11:53:40.414041635Z', 'incidenceAngleAcrossTrack': 7.782741683488276, 'illuminationAzimuthAngle': 159.7120983040956, 'format': 'image/jp2', 'incidenceAngleAlongTrack': 28.67174077768971, 'incidenceAngle': 29.169124445541605, 'processingCenter': 'MOC', 'organisationName': 'AIRBUS DS GEO', 'snowCover': 0}",99066522-356c-4004-ad47-ebb0b8572add,airbus,2021-09-12 10:51:11.628000+00:00,,,28.6,0.3,HOURS,329400,15,257.9475734926838,"POLYGON ((1.95768601 48.78565714, 1.95848539 48.64044023, 2.17503922 48.63207908, 2.17573053 48.77694794, 1.95768601 48.78565714))",310
254,3150b6ee-cfaa-46db-b7c0-610036a292b0,pneo,pneo,oneatlas,"{'qualified': False, 'lastUpdateDate': '2022-03-17T15:12:20Z', 'processingDate': '2022-03-03T15:09:06.44Z', 'azimuthAngle': 179.85163367789323, 'title': '', 'workspaceTitle': 'Workspace temporaire pour la data pneo', 'spectralRange': 'VISIBLE', 'productCategory': 'image', 'activityId': '491d33b2-41da-4255-9a55-e90a6eb13fcf', 'processingLevel': 'ALBUM', 'acquisitionIdentifier': 'ACQ_PNEO3_01234201742828', 'sensorType': 'OPTICAL', 'productionStatus': 'ARCHIVED', 'geometryCentroid': {'lat': 48.83799876312782, 'lon': 2.1535545714241224}, 'workspaceName': 'public-pneo', 'processorName': 'MMCAT', 'correlationId': '6815a0a3-2f05-4de2-9e56-b34a73c8f6ef', 'publicationDate': '2022-03-03T15:14:58.1832865Z', 'illuminationElevationAngle': 31.7320889025657, 'productType': 'mono', 'workspaceId': '3e88441b-adc9-4be6-bd80-59d4fb69d5a7', 'expirationDate': '2032-03-14T15:12:07.305657196Z', 'incidenceAngleAcrossTrack': -6.415210230520868, 'illuminationAzimuthAngle': 160.78801526215963, 'format': 'image/tiff', 'incidenceAngleAlongTrack': 19.142757558092125, 'incidenceAngle': 19.811063759595783, 'processingCenter': 'MOC', 'organisationName': 'AIRBUS DS GEO', 'snowCover': 0}",3150b6ee-cfaa-46db-b7c0-610036a292b0,airbus,2022-03-03 10:58:19.804000+00:00,,,100.0,0.3,HOURS,405000,16,225.47204959165745,"POLYGON ((2.05160541 48.90315181, 2.05187212 48.76791006, 2.25513716 48.77196892, 2.25550373 48.90806293, 2.05160541 48.90315181))",254
169,b1a37eea-f6f4-4bbd-8931-42745229f06b,pneo,pneo,oneatlas,"{'qualified': False, 'lastUpdateDate': '2022-06-27T14:54:32.955801372Z', 'processingDate': '2022-06-13T11:26:06.445Z', 'azimuthAngle': 180.41949094689278, 'title': '', 'workspaceTitle': 'Workspace temporaire pour la data pneo', 'spectralRange': 'VISIBLE', 'productCategory': 'image', 'activityId': 'b59322bc-ded8-4adc-ac5f-1db9a7f46541', 'processingLevel': 'ALBUM', 'acquisitionIdentifier': 'ACQ_PNEO4_01612002756468', 'sensorType': 'OPTICAL', 'productionStatus': 'ARCHIVED', 'geometryCentroid': {'lat': 48.87760597058146, 'lon': 2.248373573115737}, 'workspaceName': 'public-pneo', 'processorName': 'MMCAT', 'correlationId': 'd229d0eb-c9d7-44d8-b35e-9598c3eabd9e', 'publicationDate': '2022-06-27T14:54:32.955801372Z', 'illuminationElevationAngle': 62.95323403951361, 'productType': 'mono', 'workspaceId': '3e88441b-adc9-4be6-bd80-59d4fb69d5a7', 'expirationDate': '2032-06-24T12:42:08.887377849Z', 'incidenceAngleAcrossTrack': -17.479278149596578, 'illuminationAzimuthAngle': 158.5445950408958, 'format': 'image/tiff', 'incidenceAngleAlongTrack': -13.263400183566441, 'incidenceAngle': 21.216506073906302, 'processingCenter': 'MOC', 'organisationName': 'AIRBUS DS GEO', 'snowCover': 0}",b1a37eea-f6f4-4bbd-8931-42745229f06b,airbus,2022-06-13 11:08:42.312000+00:00,,,2.8,0.3,HOURS,468000,17,260.43930697205167,"POLYGON ((2.14163523 48.95683195, 2.14113561 48.82059656, 2.14112444 48.81975454, 2.14111789 48.80847285999999, 2.35542833 48.79836419, 2.3555932 48.8096523, 2.35562926 48.81048875, 2.35559693 48.94802938, 2.14163523 48.95683195))",169
34,f18191cb-bda5-4dcf-b65c-fdef9f4f40f5,pneo,pneo,oneatlas,"{'qualified': False, 'lastUpdateDate': '2022-11-02T11:17:38.526612239Z', 'processingDate': '2022-11-02T10:58:02.55Z', 'azimuthAngle': 180.3137711204578, 'title': '', 'workspaceTitle': 'Workspace temporaire pour la data pneo', 'spectralRange': 'VISIBLE', 'productCategory': 'image', 'activityId': 'fc5d9139-8431-4bd1-b678-fdb8a59f7e6b', 'processingLevel': 'ALBUM', 'acquisitionIdentifier': 'ACQ_PNEO3_02210504655467', 'sensorType': 'OPTICAL', 'productionStatus': 'ARCHIVED', 'geometryCentroid': {'lat': 48.721248737998934, 'lon': 2.485276931216599}, 'workspaceName': 'public-pneo', 'processorName': 'MMCAT', 'correlationId': '9d0aba1a-7781-4f1e-82a0-dc9ef52beaf3', 'publicationDate': '2022-11-02T11:17:38.526612239Z', 'illuminationElevationAngle': 26.325062761563178, 'productType': 'mono', 'workspaceId': '3e88441b-adc9-4be6-bd80-59d4fb69d5a7', 'expirationDate': '2032-10-30T11:17:04.72924988Z', 'incidenceAngleAcrossTrack': 6.5504699429634785, 'illuminationAzimuthAngle': 168.40543294591816, 'format': 'image/tiff', 'incidenceAngleAlongTrack': 17.420380502808754, 'incidenceAngle': 18.45199610754604, 'processingCenter': 'MOC', 'organisationName': 'AIRBUS DS GEO', 'snowCover': 0}",f18191cb-bda5-4dcf-b65c-fdef9f4f40f5,airbus,2022-11-02 10:50:50.538000+00:00,,,45.3,0.3,HOURS,403200,18,224.89155520219649,"POLYGON ((2.3840386 48.79161702999998, 2.38450703 48.65551565, 2.5860085 48.65085742, 2.58651526 48.78689872, 2.3840386 48.79161702999998))",34
264,1827f4dc-921f-4f5d-819b-b8f58aa20545,phr,phr,oneatlas,"{'commercialReference': 'SO22001525', 'qualified': False, 'sourceIdentifier': 'DS_PHR1A_202201141106196_FR1_PX_E002N48_0824_01632', 'acquisitionStation': 'SV1', 'archivingCenter': 'FR1', 'lastUpdateDate': '2022-01-15T06:06:28.93677262Z', 'processingDate': '2022-01-15T05:32:06.447', 'parentIdentifier': 'DS_PHR1A_202201141106566_FR1_PX_E002N48_0824_01636', 'azimuthAngle': 179.9902939483303, 'workspaceTitle': 'Public', 'spectralRange': 'VISIBLE', 'productCategory': 'image', 'activityId': 'ae8b54bc-2d1b-47c8-b3fb-7a8faa70ad4b', 'processingLevel': 'SENSOR', 'acquisitionIdentifier': None, 'sensorType': 'OPTICAL', 'customerReference': 'C301000', 'productionStatus': 'IN_CLOUD', 'geometryCentroid': [2.5995208273792816, 48.974729536641675], 'workspaceName': 'public', 'processorName': 'DRS-MM V2.9vV2.9', 'correlationId': 'ed521750-3946-4f01-9b77-13a849ebe58c', 'publicationDate': '2022-01-15T06:06:28.93677262Z', 'illuminationElevationAngle': 18.97218254663657, 'productType': 'bundle', 'workspaceId': '0e33eb50-3404-48ad-b835-b0b4b72a5625', 'expirationDate': '2023-01-15T06:06:28.936778357Z', 'incidenceAngleAcrossTrack': -10.62482623340597, 'illuminationAzimuthAngle': 167.0368312895627, 'format': 'image/jp2', 'incidenceAngleAlongTrack': -11.40105823486501, 'incidenceAngle': 15.39859122066655, 'processingCenter': 'FCMUGC', 'archiveIdentifier': 'DS_PHR1A_202201141106566_FR1_PX_E002N48_0824_01636', 'organisationName': 'AIRBUS DS GEO'}",1827f4dc-921f-4f5d-819b-b8f58aa20545,airbus,2022-01-14 11:06:56.680000+00:00,,,0.0,0.5,MINUTES,256600,19,400.1414342702876,"POLYGON ((2.45541537 49.06356248, 2.45567081 48.89337347, 2.74362629 48.88582274, 2.74347817 49.05694249, 2.45541537 49.06356248))",264
57,f46ae478-8fdf-401b-a9e5-b659c11990db,pneo,pneo,oneatlas,"{'commercialReference': '000042068', 'qualified': False, 'lastUpdateDate': '2022-09-16T01:13:33Z', 'processingDate': '2022-09-16T00:57:35.86Z', 'azimuthAngle': 143.5301991014301, 'workspaceTitle': 'Workspace temporaire pour la data pneo', 'spectralRange': 'VISIBLE', 'productCategory': 'image', 'activityId': '7f3674d5-1682-4319-90cf-347aac62f8dd', 'processingLevel': 'SENSOR', 'acquisitionIdentifier': 'ACQ_PNEO4_01910503785157', 'sensorType': 'OPTICAL', 'customerReference': 'BP_PNEO_BO_OA_LL_Worldcities_32', 'productionStatus': 'IN_CLOUD', 'geometryCentroid': {'lat': 48.72503034207464, 'lon': 2.357429034265877}, 'workspaceName': 'public-pneo', 'processorName': 'SPICYv1.2.6', 'correlationId': 'PWOI_000042068_1_1_I_1', 'publicationDate': '2022-09-16T01:09:09.722190455Z', 'illuminationElevationAngle': 49.0195780655862, 'productType': 'bundle', 'workspaceId': '3e88441b-adc9-4be6-bd80-59d4fb69d5a7', 'expirationDate': '2023-09-16T01:13:33Z', 'incidenceAngleAcrossTrack': 9.07607215452022, 'illuminationAzimuthAngle': 156.61259833424157, 'format': 'SAFIR', 'internalLine': '1_1', 'incidenceAngleAlongTrack': 11.89540342608939, 'internalReference': 'SAL22035402', 'incidenceAngle': 14.597692080876953, 'processingCenter': '', 'organisationName': '', 'contractId': 'CTR22000671'}",f46ae478-8fdf-401b-a9e5-b659c11990db,airbus,2022-08-29 10:50:40.876000+00:00,,,0.0,0.31,MINUTES,395550,20,219.91277563399677,"POLYGON ((2.25754825 48.79442452, 2.25800538 48.65950567, 2.45698608 48.6556137, 2.45730982 48.79033046, 2.25754825 48.79442452))",57
91,34114598-b82c-4a4c-a5e4-a9a5031e2961,pneo,pneo,oneatlas,"{'commercialReference': '000036120', 'qualified': False, 'lastUpdateDate': '2022-08-12T03:52:52Z', 'processingDate': '2022-08-12T03:31:01.789Z', 'azimuthAngle': 353.3839108549067, 'workspaceTitle': 'Workspace temporaire pour la data pneo', 'spectralRange': 'VISIBLE', 'productCategory': 'image', 'activityId': 'a57088a1-d2c3-47a1-8e17-9714df984695', 'processingLevel': 'SENSOR', 'acquisitionIdentifier': 'ACQ_PNEO3_00734200635352', 'sensorType': 'OPTICAL', 'customerReference': 'BP_PNEO_BO_OA_LL_Worldcities_21', 'productionStatus': 'IN_CLOUD', 'geometryCentroid': {'lat': 48.84879701496926, 'lon': 2.1372548036419245}, 'workspaceName': 'public-pneo', 'processorName': 'SPICYv1.2.6', 'correlationId': 'PWOI_000036120_1_1_I_1', 'publicationDate': '2022-08-12T03:47:00.54085511Z', 'illuminationElevationAngle': 29.178480581639093, 'productType': 'bundle', 'workspaceId': '3e88441b-adc9-4be6-bd80-59d4fb69d5a7', 'expirationDate': '2023-08-12T03:52:52Z', 'incidenceAngleAcrossTrack': -0.0549500492177501, 'illuminationAzimuthAngle': 169.3276646750263, 'format': 'SAFIR', 'internalLine': '1_1', 'incidenceAngleAlongTrack': -0.2832067914381065, 'internalReference': 'SAL22030215', 'incidenceAngle': 0.2884781268289675, 'processingCenter': '', 'organisationName': '', 'contractId': 'CTR22000671'}",34114598-b82c-4a4c-a5e4-a9a5031e2961,airbus,2021-10-24 10:57:48.241000+00:00,,,0.0,0.3,MINUTES,799110,21,444.26751412935613,"POLYGON ((2.04095991 48.99040101, 2.04154037 48.70737447, 2.23301936 48.70695159, 2.23354969 48.99083048, 2.04095991 48.99040101))",91
178,596d9cba-2825-4340-8f1b-1e582e69152f,phr,phr,oneatlas,"{'qualified': False, 'sourceIdentifier': 'DS_PHR1B_202206081051106_FR1_PX_E002N49_0802_01728', 'acquisitionStation': 'SV1', 'archivingCenter': 'FR1', 'lastUpdateDate': '2022-06-22T16:18:49Z', 'processingDate': '2022-06-08T15:43:25.475Z', 'parentIdentifier': 'DS_PHR1B_202206081051106_FR1_PX_E002N49_0802_01728', 'azimuthAngle': 179.9606469837677, 'title': '', 'workspaceTitle': 'Public', 'spectralRange': 'VISIBLE', 'productCategory': 'image', 'activityId': '323f5395-82e8-41b7-a816-dd37bbdc02ff', 'processingLevel': 'ALBUM', 'acquisitionIdentifier': '', 'sensorType': 'OPTICAL', 'productionStatus': 'ARCHIVED', 'geometryCentroid': {'lat': 49.04127652487945, 'lon': 2.5985408089147377}, 'workspaceName': 'public', 'processorName': 'MMCAT', 'correlationId': '309b1539-198c-47f3-acfe-fa98d1af7619', 'publicationDate': '2022-06-08T15:48:03.054720834Z', 'illuminationElevationAngle': 61.61765685579871, 'productType': 'mono', 'workspaceId': '0e33eb50-3404-48ad-b835-b0b4b72a5625', 'expirationDate': '2032-06-19T16:12:05.969847319Z', 'incidenceAngleAcrossTrack': 14.11400934634494, 'illuminationAzimuthAngle': 151.1407033466516, 'format': 'image/tiff', 'incidenceAngleAlongTrack': -11.78231175678233, 'incidenceAngle': 18.09219427158287, 'processingCenter': 'MOC', 'archiveIdentifier': 'DS_PHR1B_202206081051106_FR1_PX_E002N49_0802_01728', 'organisationName': 'AIRBUS DS GEO', 'snowCover': 0}",596d9cba-2825-4340-8f1b-1e582e69152f,airbus,2022-06-08 10:51:10.680000+00:00,,,89.7170951589011,0.5,HOURS,163860,22,439.819063994373,"POLYGON ((2.45105891 48.94491615, 2.57342959 48.95005246999999, 2.74603482 48.95536666, 2.74629251 49.04351829999999, 2.74699706 49.13757086, 2.65396043 49.13542516, 2.45019156 49.12847137, 2.45008456 49.11549594, 2.45025898 49.08714096, 2.45105891 48.94491615))",178
126,52c3a603-a70b-4601-a411-5964ce011b45,pneo,pneo,oneatlas,"{'commercialReference': '000032020', 'qualified': False, 'lastUpdateDate': '2022-07-28T16:42:42Z', 'processingDate': '2022-07-22T00:56:51.531Z', 'azimuthAngle': 219.49603792123997, 'workspaceTitle': 'Workspace temporaire pour la data pneo', 'spectralRange': 'VISIBLE', 'productCategory': 'image', 'activityId': '50cb5e11-7476-4cf6-ae78-99c2d13c3dfa', 'processingLevel': 'SENSOR', 'acquisitionIdentifier': 'ACQ_PNEO4_01634202949141', 'sensorType': 'OPTICAL', 'customerReference': 'BP_PNEO_BO_OA_LL_Worldcities_8', 'productionStatus': 'IN_CLOUD', 'geometryCentroid': {'lat': 48.72184980113668, 'lon': 2.4851505244755434}, 'workspaceName': 'public-pneo', 'processorName': 'SPICYv1.2.4', 'correlationId': 'PWOI_000032020_1_1_I_1', 'publicationDate': '2022-07-22T01:05:51.940666637Z', 'illuminationElevationAngle': 62.38134680983574, 'productType': 'bundle', 'workspaceId': '3e88441b-adc9-4be6-bd80-59d4fb69d5a7', 'expirationDate': '2023-07-28T16:42:42Z', 'incidenceAngleAcrossTrack': -4.614290708013153, 'illuminationAzimuthAngle': 151.9063603207286, 'format': 'SAFIR', 'internalLine': '1_1', 'incidenceAngleAlongTrack': 5.727068142871019, 'internalReference': 'SAL22026472', 'incidenceAngle': 7.307759920734687, 'processingCenter': '', 'organisationName': '', 'contractId': 'CTR22000671'}",52c3a603-a70b-4601-a411-5964ce011b45,airbus,2022-06-28 10:58:00.238000+00:00,,,1.6306430858402328,0.3,MINUTES,373338,23,207.57192028075391,"POLYGON ((2.38834452 48.7867331, 2.38847589 48.65577823999999, 2.58178416 48.65659135, 2.58195653 48.78789811, 2.38834452 48.7867331))",126
284,9cec1f08-1a9e-4b34-8048-9d813f001713,pneo,pneo,oneatlas,"{'qualified': False, 'lastUpdateDate': '2021-12-09T13:46:08Z', 'processingDate': '2021-11-25T13:31:02.510Z', 'azimuthAngle': 179.70779629457982, 'workspaceTitle': 'Workspace temporaire pour la data pneo', 'spectralRange': 'VISIBLE', 'productCategory': 'image', 'activityId': '4f107aed-0ff5-4aa9-b8aa-151830a02587', 'processingLevel': 'ALBUM', 'acquisitionIdentifier': 'ACQ_PNEO3_00904600893515', 'sensorType': 'OPTICAL', 'productionStatus': 'ARCHIVED', 'geometryCentroid': [2.4524313150395374, 48.84865730144587], 'workspaceName': 'public-pneo', 'processorName': 'MMCAT', 'correlationId': 'mmcat_549a1e580e41a85ad0022c1a4d6e3f58', 'publicationDate': '2021-11-25T13:33:16.511126137Z', 'illuminationElevationAngle': 20.684623338443803, 'productType': 'mono', 'workspaceId': '3e88441b-adc9-4be6-bd80-59d4fb69d5a7', 'expirationDate': '2031-12-07T13:44:53.414608067Z', 'incidenceAngleAcrossTrack': -26.719408765164722, 'illuminationAzimuthAngle': 173.94344124194558, 'incidenceAngleAlongTrack': -5.565302731318318, 'incidenceAngle': 26.985283492581953, 'processingCenter': 'MOC', 'organisationName': 'AIRBUS DS GEO', 'snowCover': 0}",9cec1f08-1a9e-4b34-8048-9d813f001713,airbus,2021-11-25 11:12:39.420000+00:00,,,100.0,0.3,HOURS,1017000,24,566.0695790735326,"POLYGON ((2.33268233 48.99737227, 2.33447409 48.8590631, 2.33448725 48.85820528, 2.33264734 48.72047325, 2.33263156 48.71961649, 2.33237694 48.70818648, 2.57115127 48.70011180999999, 2.57136686 48.71170919, 2.57138166 48.71257821, 2.57244634 48.85234406, 2.57248569 48.85320725, 2.57031696 48.99346384, 2.33268233 48.99737227))",284
74,e609587e-3f98-4994-bb79-8bad48f180b8,phr,phr,oneatlas,"{'qualified': False, 'sourceIdentifier': 'DS_PHR1A_202208051056103_FR1_PX_E002N49_0201_02408', 'acquisitionStation': 'FR1', 'archivingCenter': 'FR1', 'lastUpdateDate': '2022-08-24T23:59:41.714187179Z', 'processingDate': '2022-08-05T11:33:35.71Z', 'parentIdentifier': 'DS_PHR1A_202208051056103_FR1_PX_E002N49_0201_02408', 'azimuthAngle': 179.9836875474938, 'title': '', 'workspaceTitle': 'Public', 'spectralRange': 'VISIBLE', 'productCategory': 'image', 'activityId': 'c9cb2927-6e14-4ad6-b4a5-6f3d9e034a59', 'processingLevel': 'ALBUM', 'acquisitionIdentifier': '', 'sensorType': 'OPTICAL', 'productionStatus': 'ARCHIVED', 'geometryCentroid': {'lat': 49.031747734740385, 'lon': 2.126128160920893}, 'workspaceName': 'public', 'processorName': 'MMCAT', 'correlationId': 'ab15e6b7-393e-41a2-8ec4-cf46c24cf8d7', 'publicationDate': '2022-08-24T23:59:41.714187179Z', 'illuminationElevationAngle': 55.69852031654967, 'productType': 'mono', 'workspaceId': '0e33eb50-3404-48ad-b835-b0b4b72a5625', 'expirationDate': '2032-08-16T12:02:06.394024622Z', 'incidenceAngleAcrossTrack': 3.389693112013184, 'illuminationAzimuthAngle': 153.2441610486684, 'format': 'image/tiff', 'incidenceAngleAlongTrack': 18.68353007740923, 'incidenceAngle': 18.94780858891759, 'processingCenter': 'MOC', 'archiveIdentifier': 'DS_PHR1A_202208051056103_FR1_PX_E002N49_0201_02408', 'organisationName': 'AIRBUS DS GEO', 'snowCover': 0}",e609587e-3f98-4994-bb79-8bad48f180b8,airbus,2022-08-05 10:56:10.305000+00:00,,,36.00432200015038,0.5,HOURS,299890,25,622.405770531494,"POLYGON ((1.98242159 48.90051633, 2.11536597 48.90008064, 2.26962381 48.89732009, 2.27087689 49.16254267, 2.23632696 49.16333447999999, 2.2082277 49.16363048, 2.15132677 49.16486628, 2.10827808 49.1654832, 1.98137943 49.16623661, 1.98242159 48.90051633))",74
319,13e80ef0-603a-4d51-97c0-4ab9c46963c0,phr,phr,oneatlas,"{'qualified': False, 'sourceIdentifier': 'DS_PHR1B_202106141103318_FR1_PX_E002N48_0820_08150', 'acquisitionStation': 'FR1', 'archivingCenter': 'FR1', 'lastUpdateDate': '2021-06-14T13:48:21.015227258Z', 'processingDate': '2021-06-14T12:10:16.823Z', 'parentIdentifier': 'DS_PHR1B_202106141103318_FR1_PX_E002N48_0820_08150', 'azimuthAngle': 179.9686142443069, 'workspaceTitle': 'Public', 'spectralRange': 'VISIBLE', 'productCategory': 'image', 'activityId': 'ac2cf8d6-67bf-42ab-99b2-d40af0105da8', 'processingLevel': 'ALBUM', 'acquisitionIdentifier': None, 'sensorType': 'OPTICAL', 'productionStatus': 'ARCHIVED', 'geometryCentroid': [2.598186768167037, 48.82180332278398], 'workspaceName': 'public', 'processorName': 'MMCAT', 'correlationId': 'mmcat_367aa0e8-73b2-4c3f-b707-a9ef726568b4', 'publicationDate': '2021-06-14T13:48:21.015227258Z', 'illuminationElevationAngle': 63.00097939337849, 'productType': 'mono', 'workspaceId': '0e33eb50-3404-48ad-b835-b0b4b72a5625', 'expirationDate': '2031-06-12T13:44:56.358445785Z', 'incidenceAngleAcrossTrack': -9.125198325640351, 'illuminationAzimuthAngle': 155.7033085344668, 'format': 'image/jp2', 'incidenceAngleAlongTrack': 4.775585470795036, 'incidenceAngle': 10.26236000680377, 'processingCenter': 'MOC', 'archiveIdentifier': 'DS_PHR1B_202106141103318_FR1_PX_E002N48_0820_08150', 'organisationName': 'AIRBUS DS GEO', 'snowCover': 0}",13e80ef0-603a-4d51-97c0-4ab9c46963c0,airbus,2021-06-14 11:03:31.805000+00:00,,,0.0,0.5,HOURS,665960,26,1901.372612940673,"POLYGON ((2.45649317 48.40628944, 2.57167795 48.40721153, 2.73621587 48.40673542, 2.73760813 48.48215888999999, 2.74034418 48.90635169, 2.73727741 49.23945084999998, 2.64838365 49.23877267, 2.45602935 49.23524088, 2.45735945 49.15156958999999, 2.4598384 48.84660022, 2.45909003 48.60412038, 2.45649317 48.40628944))",319
246,7461113d-fcea-4d46-97e4-7bea49ee5e4d,pneo,pneo,oneatlas,"{'commercialReference': '000017231', 'qualified': False, 'lastUpdateDate': '2022-06-28T13:16:13Z', 'processingDate': '2022-04-14T06:54:17.47Z', 'azimuthAngle': 34.0448756675255, 'workspaceTitle': 'Workspace temporaire pour la data pneo', 'spectralRange': 'VISIBLE', 'productCategory': 'image', 'activityId': '246c8aed-e20a-451d-b038-7850614a1b15', 'processingLevel': 'SENSOR', 'acquisitionIdentifier': 'ACQ_PNEO3_00710500528245', 'sensorType': 'OPTICAL', 'customerReference': 'BP_PNEO_BO_OA_LL_EUcities_2', 'productionStatus': 'IN_CLOUD', 'geometryCentroid': {'lat': 48.85006158122642, 'lon': 2.4533198110503136}, 'workspaceName': 'public-pneo', 'processorName': 'SPICYv1.1.12', 'correlationId': 'PWOI_000017231_8_1_I_1', 'publicationDate': '2022-04-14T07:07:35.316185209Z', 'illuminationElevationAngle': 34.64526130827448, 'productType': 'bundle', 'workspaceId': '3e88441b-adc9-4be6-bd80-59d4fb69d5a7', 'expirationDate': '2023-06-28T13:16:13Z', 'incidenceAngleAcrossTrack': 19.542399519295163, 'illuminationAzimuthAngle': 165.3224259922854, 'format': 'SAFIR', 'internalLine': '8_1', 'incidenceAngleAlongTrack': -23.994869659543813, 'internalReference': 'SAL22013849', 'incidenceAngle': 28.28937172425165, 'processingCenter': '', 'organisationName': '', 'contractId': 'CTR22000671'}",7461113d-fcea-4d46-97e4-7bea49ee5e4d,airbus,2021-10-08 10:49:43.028000+00:00,,,0.0,0.36,MINUTES,998370,27,555.0766853706409,"POLYGON ((2.34033471 48.99273239, 2.34102593 48.68993078, 2.56524229 48.70889999, 2.56630491 49.0104239, 2.34033471 48.99273239))",246
263,0a03c623-6a56-450a-ae26-c2793d000e26,phr,phr,oneatlas,"{'commercialReference': 'SO22001501', 'qualified': False, 'sourceIdentifier': 'DS_PHR1A_202201141106445_FR1_PX_E001N48_1116_03503', 'acquisitionStation': 'FR1', 'archivingCenter': 'FR1', 'lastUpdateDate': '2022-01-15T11:38:23.51888352Z', 'processingDate': '2022-01-15T10:16:59.081', 'parentIdentifier': 'DS_PHR1A_202201141107215_FR1_PX_E001N48_1116_03507', 'azimuthAngle': 180.0747426972267, 'workspaceTitle': 'Public', 'spectralRange': 'VISIBLE', 'productCategory': 'image', 'activityId': 'b499a6fe-3540-4fcf-8e9e-ff53e8eb24c2', 'processingLevel': 'SENSOR', 'acquisitionIdentifier': None, 'sensorType': 'OPTICAL', 'customerReference': 'C301000', 'productionStatus': 'IN_CLOUD', 'geometryCentroid': [1.8909331136647491, 48.65368037254477], 'workspaceName': 'public', 'processorName': 'DRS-MM V2.9vV2.9', 'correlationId': '603fab33-efd1-41b4-aaa7-aece5c306f36', 'publicationDate': '2022-01-15T11:38:23.51888352Z', 'illuminationElevationAngle': 19.21327325951606, 'productType': 'bundle', 'workspaceId': '0e33eb50-3404-48ad-b835-b0b4b72a5625', 'expirationDate': '2023-01-15T11:38:23.518888102Z', 'incidenceAngleAcrossTrack': -10.53271000696757, 'illuminationAzimuthAngle': 166.5655867902523, 'format': 'image/jp2', 'incidenceAngleAlongTrack': 1.030608539934689, 'incidenceAngle': 10.58078723755762, 'processingCenter': 'FCMUGC', 'archiveIdentifier': 'DS_PHR1A_202201141107215_FR1_PX_E001N48_1116_03507', 'organisationName': 'AIRBUS DS GEO'}",0a03c623-6a56-450a-ae26-c2793d000e26,airbus,2022-01-14 11:07:21.555000+00:00,,,1.29,0.5,MINUTES,20260,28,817.5865704873271,"POLYGON ((1.75036556 48.83045449, 1.75028435 48.47627183, 2.03103494 48.47575492999999, 2.03158188 48.83185378, 1.75036556 48.83045449))",263
278,89f9d26b-b0a1-4b44-838e-aa2d522b9a11,pneo,pneo,oneatlas,"{'qualified': False, 'lastUpdateDate': '2021-12-18T14:08:50Z', 'processingDate': '2021-12-04T11:28:03.390Z', 'azimuthAngle': 179.9003489579256, 'workspaceTitle': 'Workspace temporaire pour la data pneo', 'spectralRange': 'VISIBLE', 'productCategory': 'image', 'activityId': 'bf38ea52-184e-4616-bc5d-16a61fbd0054', 'processingLevel': 'ALBUM', 'acquisitionIdentifier': 'ACQ_PNEO3_00917900960528', 'sensorType': 'OPTICAL', 'productionStatus': 'ARCHIVED', 'geometryCentroid': [2.338172005677654, 48.869814804464085], 'workspaceName': 'public-pneo', 'processorName': 'MMCAT', 'correlationId': 'mmcat_d0343f8113ab8ea8ce3f8c41baa10694', 'publicationDate': '2021-12-04T11:33:55.134837781Z', 'illuminationElevationAngle': 18.30454446652127, 'productType': 'mono', 'workspaceId': '3e88441b-adc9-4be6-bd80-59d4fb69d5a7', 'expirationDate': '2031-12-16T14:08:30.646339283Z', 'incidenceAngleAcrossTrack': 17.762720126159262, 'illuminationAzimuthAngle': 166.9218258421734, 'incidenceAngleAlongTrack': 3.2459284862041238, 'incidenceAngle': 17.972785109278185, 'processingCenter': 'MOC', 'organisationName': 'AIRBUS DS GEO', 'snowCover': 0}",89f9d26b-b0a1-4b44-838e-aa2d522b9a11,airbus,2021-12-04 10:46:41.639000+00:00,,,100.0,0.3,HOURS,410400,29,228.17797372821295,"POLYGON ((2.23238998 48.93728613, 2.23357708 48.80576373, 2.23356434 48.80495371, 2.23354614 48.80423445, 2.44342591 48.80230741, 2.44343099 48.80302584, 2.44342367 48.80383566, 2.44395403 48.93474799, 2.23238998 48.93728613))",278
290,48a5804b-1954-4aaf-856a-6d21edc9cf61,pneo,pneo,oneatlas,"{'qualified': False, 'lastUpdateDate': '2021-11-18T16:28:07Z', 'processingDate': '2021-11-04T13:28:01.214Z', 'azimuthAngle': 179.65428796677918, 'workspaceTitle': 'Workspace temporaire pour la data pneo', 'spectralRange': 'VISIBLE', 'productCategory': 'image', 'activityId': '15236a99-c45c-460b-b239-a3908262226a', 'processingLevel': 'ALBUM', 'acquisitionIdentifier': 'ACQ_PNEO3_00812000716354', 'sensorType': 'OPTICAL', 'productionStatus': 'ARCHIVED', 'geometryCentroid': [2.3380982003548136, 48.86920738865212], 'workspaceName': 'public-pneo', 'processorName': 'MMCAT', 'correlationId': 'mmcat_af4f42d9692d9f800c8f53ea4e4ba4d4', 'publicationDate': '2021-11-04T13:33:15.814541559Z', 'illuminationElevationAngle': 26.01428781980508, 'productType': 'mono', 'workspaceId': '3e88441b-adc9-4be6-bd80-59d4fb69d5a7', 'expirationDate': '2031-11-16T14:03:59.472003599Z', 'incidenceAngleAcrossTrack': -17.946222300020814, 'illuminationAzimuthAngle': 173.10521012877797, 'incidenceAngleAlongTrack': -16.84284428216823, 'incidenceAngle': 23.00167235297339, 'processingCenter': 'MOC', 'organisationName': 'AIRBUS DS GEO', 'snowCover': 0}",48a5804b-1954-4aaf-856a-6d21edc9cf61,airbus,2021-11-04 11:08:37.763000+00:00,,,95.2,0.3,HOURS,450000,30,250.69265988462553,"POLYGON ((2.23024484 48.94617586, 2.22968751 48.80674584, 2.22968842 48.80587554, 2.22968465 48.805105089999984, 2.44650704 48.79221623, 2.44651175 48.79299305, 2.44650864 48.79387232, 2.44622841 48.93511283, 2.23024484 48.94617586))",290
53,fa54f001-741e-45d6-ae7a-bb08e3b0d10d,pneo,pneo,oneatlas,"{'commercialReference': '000044310', 'qualified': False, 'lastUpdateDate': '2022-09-26T14:28:16Z', 'processingDate': '2022-09-26T14:19:21.587Z', 'azimuthAngle': 329.99308604878405, 'workspaceTitle': 'Workspace temporaire pour la data pneo', 'spectralRange': 'VISIBLE', 'productCategory': 'image', 'activityId': 'f1e7dbb7-f208-48b9-8fbd-5d19fcb6db85', 'processingLevel': 'SENSOR', 'acquisitionIdentifier': 'ACQ_PNEO3_02026804102029', 'sensorType': 'OPTICAL', 'customerReference': 'BP_PNEO_BO_OA_LL_Worldcities_38', 'productionStatus': 'IN_CLOUD', 'geometryCentroid': {'lat': 48.92374971780821, 'lon': 2.361838074376032}, 'workspaceName': 'public-pneo', 'processorName': 'SPICYv1.2.6', 'correlationId': 'PWOI_000044310_10_1_I_1', 'publicationDate': '2022-09-26T14:25:40.003927725Z', 'illuminationElevationAngle': 41.02390665330638, 'productType': 'bundle', 'workspaceId': '3e88441b-adc9-4be6-bd80-59d4fb69d5a7', 'expirationDate': '2023-09-26T14:28:16Z', 'incidenceAngleAcrossTrack': -5.878549099332391, 'illuminationAzimuthAngle': 165.86279899469992, 'format': 'SAFIR', 'internalLine': '10_1', 'incidenceAngleAlongTrack': -9.652546148953897, 'internalReference': 'SAL22037497', 'incidenceAngle': 11.163843852242266, 'processingCenter': '', 'organisationName': '', 'contractId': 'CTR22000671'}",fa54f001-741e-45d6-ae7a-bb08e3b0d10d,airbus,2022-09-22 11:01:19.510000+00:00,,,0.0,0.31,MINUTES,241884,31,134.4760983066859,"POLYGON ((2.26342158 48.96672742, 2.26354846 48.88302644, 2.46014277 48.880712979999984, 2.46025456 48.964776, 2.26342158 48.96672742))",53
302,9bf55160-c549-4c22-93ea-3bbfdf44d97b,pneo,pneo,oneatlas,"{'qualified': False, 'lastUpdateDate': '2021-10-19T09:10:34Z', 'processingDate': '2021-10-04T13:21:02.497Z', 'azimuthAngle': 180.4587301249346, 'workspaceTitle': 'Workspace temporaire pour la data pneo', 'spectralRange': 'VISIBLE', 'productCategory': 'image', 'activityId': '3aa4b0cf-5430-4459-9ecc-3a2b1c2108e5', 'processingLevel': 'ALBUM', 'acquisitionIdentifier': 'ACQ_PNEO3_00704600497312', 'sensorType': 'OPTICAL', 'productionStatus': 'ARCHIVED', 'geometryCentroid': [2.1373953167446524, 48.847257594175105], 'workspaceName': 'public-pneo', 'processorName': 'MMCAT', 'correlationId': 'mmcat_eba642c39e95856aaa10787ad37f710a', 'publicationDate': '2021-10-04T13:24:37.616138929Z', 'illuminationElevationAngle': 37.02440119887837, 'productType': 'mono', 'workspaceId': '3e88441b-adc9-4be6-bd80-59d4fb69d5a7', 'expirationDate': '2031-10-17T09:10:02.77057968Z', 'incidenceAngleAcrossTrack': -22.799686886900744, 'illuminationAzimuthAngle': 171.20289307848344, 'incidenceAngleAlongTrack': -15.295514895370953, 'incidenceAngle': 26.037807926658214, 'processingCenter': 'MOC', 'organisationName': 'AIRBUS DS GEO', 'snowCover': 0}",9bf55160-c549-4c22-93ea-3bbfdf44d97b,airbus,2021-10-04 11:12:24.045000+00:00,,,60.7,0.3,HOURS,995400,32,554.2746261096981,"POLYGON ((2.02336083 49.00331665, 2.02400257 48.86212533, 2.02397582 48.86126236, 2.02254492 48.72059062, 2.02253326 48.71971266, 2.02238103 48.70799865999999, 2.25140962 48.69140795, 2.2516554 48.703214559999985, 2.25167435 48.70409934, 2.2524096 48.84667863, 2.25238808 48.84757329, 2.25091443 48.99068268, 2.02336083 49.00331665))",302
303,41cd892b-9fec-4817-9a87-0bbc5594e189,pneo,pneo,oneatlas,"{'qualified': False, 'lastUpdateDate': '2021-10-19T09:14:48Z', 'processingDate': '2021-10-04T13:00:14.378Z', 'azimuthAngle': 179.98488447761977, 'workspaceTitle': 'Workspace temporaire pour la data pneo', 'spectralRange': 'VISIBLE', 'productCategory': 'image', 'activityId': '7f2780dc-f207-4769-bfad-7366c46dea11', 'processingLevel': 'ALBUM', 'acquisitionIdentifier': 'ACQ_PNEO3_00704600497328', 'sensorType': 'OPTICAL', 'productionStatus': 'ARCHIVED', 'geometryCentroid': [2.2949103871246312, 48.84761101961274], 'workspaceName': 'public-pneo', 'processorName': 'MMCAT', 'correlationId': 'mmcat_619e6ea5e669f2d63d0c0e4903dbe0b1', 'publicationDate': '2021-10-04T13:02:29.015441466Z', 'illuminationElevationAngle': 37.03046556355968, 'productType': 'mono', 'workspaceId': '3e88441b-adc9-4be6-bd80-59d4fb69d5a7', 'expirationDate': '2031-10-17T09:14:31.129440002Z', 'incidenceAngleAcrossTrack': -23.18269573679747, 'illuminationAzimuthAngle': 171.28515816686195, 'incidenceAngleAlongTrack': -27.994759424995635, 'incidenceAngle': 32.396888890775294, 'processingCenter': 'MOC', 'organisationName': 'AIRBUS DS GEO', 'snowCover': 0}",41cd892b-9fec-4817-9a87-0bbc5594e189,airbus,2021-10-04 11:12:02.744000+00:00,,,64.2,0.3,HOURS,1071000,33,596.1218538307754,"POLYGON ((2.17712443 49.01482223, 2.17684564 48.85371189, 2.1768366 48.85271318, 2.17586391 48.70883126, 2.41365541 48.68064894, 2.41394819 48.8263878, 2.41395687 48.82739535999998, 2.41279617 48.99123755, 2.17712443 49.01482223))",303
118,54c3b0c7-da98-413b-8759-d98848c3f44c,pneo,pneo,oneatlas,"{'commercialReference': '000035398', 'qualified': False, 'lastUpdateDate': '2022-08-04T16:09:08Z', 'processingDate': '2022-08-04T15:59:26.701Z', 'azimuthAngle': 194.04231706752384, 'workspaceTitle': 'Workspace temporaire pour la data pneo', 'spectralRange': 'VISIBLE', 'productCategory': 'image', 'activityId': '56e6ffaf-3f7d-431e-882a-f7651e9c5da5', 'processingLevel': 'SENSOR', 'acquisitionIdentifier': 'ACQ_PNEO3_00734200635355', 'sensorType': 'OPTICAL', 'customerReference': 'BP_PNEO_BO_OA_LL_Worldcities_15', 'productionStatus': 'IN_CLOUD', 'geometryCentroid': {'lat': 48.78606910562183, 'lon': 2.075325969598543}, 'workspaceName': 'public-pneo', 'processorName': 'SPICYv1.2.4', 'correlationId': 'PWOI_000035398_8_1_I_1', 'publicationDate': '2022-08-04T16:05:02.209572363Z', 'illuminationElevationAngle': 29.241618769951973, 'productType': 'bundle', 'workspaceId': '3e88441b-adc9-4be6-bd80-59d4fb69d5a7', 'expirationDate': '2023-08-04T16:09:08Z', 'incidenceAngleAcrossTrack': -2.8765601536569516, 'illuminationAzimuthAngle': 169.33665531962714, 'format': 'SAFIR', 'internalLine': '8_1', 'incidenceAngleAlongTrack': 11.133160833222822, 'internalReference': 'SAL22029555', 'incidenceAngle': 11.45734831640936, 'processingCenter': '', 'organisationName': '', 'contractId': 'CTR22000671'}",54c3b0c7-da98-413b-8759-d98848c3f44c,airbus,2021-10-24 10:58:08.027000+00:00,,,0.0,0.31,MINUTES,220590,34,155.26393117832797,"POLYGON ((1.97751343 48.83386643, 1.97769824 48.73682405999998, 2.17300082 48.73790008, 2.17313851 48.83526357, 1.97751343 48.83386643))",118
115,4cd5bfe4-40a1-427f-969f-4a113330880f,pneo,pneo,oneatlas,"{'commercialReference': '000035403', 'qualified': False, 'lastUpdateDate': '2022-08-04T16:23:39Z', 'processingDate': '2022-08-04T16:16:55.298Z', 'azimuthAngle': 239.69880230004625, 'workspaceTitle': 'Workspace temporaire pour la data pneo', 'spectralRange': 'VISIBLE', 'productCategory': 'image', 'activityId': '4a50de28-6132-4e53-8014-3246c5271d76', 'processingLevel': 'SENSOR', 'acquisitionIdentifier': 'ACQ_PNEO3_00726800597751', 'sensorType': 'OPTICAL', 'customerReference': 'BP_PNEO_BO_OA_LL_Worldcities_15', 'productionStatus': 'IN_CLOUD', 'geometryCentroid': {'lat': 48.78575100109915, 'lon': 2.075400798079094}, 'workspaceName': 'public-pneo', 'processorName': 'SPICYv1.2.4', 'correlationId': 'PWOI_000035403_1_1_I_1', 'publicationDate': '2022-08-04T16:21:30.623312415Z', 'illuminationElevationAngle': 31.09635530290458, 'productType': 'bundle', 'workspaceId': '3e88441b-adc9-4be6-bd80-59d4fb69d5a7', 'expirationDate': '2023-08-04T16:23:39Z', 'incidenceAngleAcrossTrack': -8.058426151182141, 'illuminationAzimuthAngle': 169.86139091732423, 'format': 'SAFIR', 'internalLine': '1_1', 'incidenceAngleAlongTrack': 4.885074841325558, 'internalReference': 'SAL22029556', 'incidenceAngle': 9.343107346844237, 'processingCenter': '', 'organisationName': '', 'contractId': 'CTR22000671'}",4cd5bfe4-40a1-427f-969f-4a113330880f,airbus,2021-10-19 11:01:43.260000+00:00,,,0.0,0.31,MINUTES,222714,35,156.82877530956006,"POLYGON ((1.97738594 48.83363262, 1.97738253 48.73599752, 2.17332499 48.73724949999998, 2.17341907 48.83545423, 1.97738594 48.83363262))",115
322,3b7e3ee3-88bb-4c55-8342-2381ba07d361,phr,phr,oneatlas,"{'qualified': False, 'sourceIdentifier': 'DS_PHR1B_202105051111003_FR1_PX_E002N48_0623_01032', 'acquisitionStation': 'SV1', 'archivingCenter': 'FR1', 'lastUpdateDate': '2021-05-05T16:26:33.29950349Z', 'processingDate': '2021-05-05T15:31:13.845Z', 'parentIdentifier': 'DS_PHR1B_202105051111003_FR1_PX_E002N48_0623_01032', 'azimuthAngle': 179.9670265197911, 'workspaceTitle': 'Public', 'spectralRange': 'VISIBLE', 'productCategory': 'image', 'activityId': 'bdc47b5e-d706-46a5-8db8-d91486156d40', 'processingLevel': 'ALBUM', 'acquisitionIdentifier': None, 'sensorType': 'OPTICAL', 'productionStatus': 'ARCHIVED', 'geometryCentroid': [2.4420102819874105, 48.95600741580392], 'workspaceName': 'public', 'processorName': 'MMCAT', 'correlationId': 'mmcat_517a2b49-212e-4ee7-a668-d62a4859c21a', 'publicationDate': '2021-05-05T16:26:33.29950349Z', 'illuminationElevationAngle': 56.80005529360974, 'productType': 'mono', 'workspaceId': '0e33eb50-3404-48ad-b835-b0b4b72a5625', 'expirationDate': '2031-05-03T16:25:39.021702071Z', 'incidenceAngleAcrossTrack': -18.33926594085875, 'illuminationAzimuthAngle': 164.1330757300972, 'format': 'image/jp2', 'incidenceAngleAlongTrack': -0.9122258466444924, 'incidenceAngle': 18.35899446047265, 'processingCenter': 'MOC', 'archiveIdentifier': 'DS_PHR1B_202105051111003_FR1_PX_E002N48_0623_01032', 'organisationName': 'AIRBUS DS GEO', 'snowCover': 0}",3b7e3ee3-88bb-4c55-8342-2381ba07d361,airbus,2021-05-05 11:11:00.305000+00:00,,,86.0,0.5,HOURS,261390,36,261.58819647755774,"POLYGON ((2.29096953 48.90347715, 2.41502715 48.90366106, 2.59312111 48.90203035999998, 2.59299292 48.92510921, 2.59320381 48.94373605, 2.59283707 49.00886746, 2.46736085 49.0098257, 2.29081676 49.00931429, 2.29102704 48.99570361, 2.29096953 48.90347715))",322
127,8f7d2f65-6e54-4165-bf29-1da8f109ad10,pneo,pneo,oneatlas,"{'commercialReference': '000031995', 'qualified': False, 'lastUpdateDate': '2022-07-28T16:42:17Z', 'processingDate': '2022-07-21T18:20:40.03Z', 'azimuthAngle': 46.755090710790924, 'workspaceTitle': 'Workspace temporaire pour la data pneo', 'spectralRange': 'VISIBLE', 'productCategory': 'image', 'activityId': 'c865412e-085d-4c4c-9ad6-cb7f6d258991', 'processingLevel': 'SENSOR', 'acquisitionIdentifier': 'ACQ_PNEO4_01710503082999', 'sensorType': 'OPTICAL', 'customerReference': 'BP_PNEO_BO_OA_LL_Worldcities_7', 'productionStatus': 'IN_CLOUD', 'geometryCentroid': {'lat': 48.59698860142998, 'lon': 2.3210890352012896}, 'workspaceName': 'public-pneo', 'processorName': 'SPICYv1.2.4', 'correlationId': 'PWOI_000031995_10_1_I_1', 'publicationDate': '2022-07-21T18:25:49.275246543Z', 'illuminationElevationAngle': 60.94584871917004, 'productType': 'bundle', 'workspaceId': '3e88441b-adc9-4be6-bd80-59d4fb69d5a7', 'expirationDate': '2023-07-28T16:42:17Z', 'incidenceAngleAcrossTrack': 15.228142540327898, 'illuminationAzimuthAngle': 147.59973245079271, 'format': 'SAFIR', 'internalLine': '10_1', 'incidenceAngleAlongTrack': -13.503335968929422, 'internalReference': 'SAL22026450', 'incidenceAngle': 19.43865527295946, 'processingCenter': '', 'organisationName': '', 'contractId': 'CTR22000671'}",8f7d2f65-6e54-4165-bf29-1da8f109ad10,airbus,2022-07-08 10:50:04.589000+00:00,,,0.0,0.33,MINUTES,48168,37,188.08057209676443,"POLYGON ((2.21692571 48.648399529999985, 2.21751971 48.53787227, 2.42497591 48.54599765, 2.42525236 48.65605707999999, 2.21692571 48.648399529999985))",127
261,2ae962f2-9317-461f-b327-51740f881544,phr,phr,oneatlas,"{'qualified': False, 'sourceIdentifier': 'DS_PHR1B_202201221055390_FR1_PX_E002N48_0516_03525', 'acquisitionStation': 'FR1', 'archivingCenter': 'FR1', 'lastUpdateDate': '2022-02-05T12:06:23Z', 'processingDate': '2022-01-22T11:33:27.003Z', 'parentIdentifier': 'DS_PHR1B_202201221055390_FR1_PX_E002N48_0516_03525', 'azimuthAngle': 180.0003919533245, 'workspaceTitle': 'Public', 'spectralRange': 'VISIBLE', 'productCategory': 'image', 'activityId': 'a1391787-0447-41db-b94a-508cbea24489', 'processingLevel': 'ALBUM', 'acquisitionIdentifier': None, 'sensorType': 'OPTICAL', 'productionStatus': 'ARCHIVED', 'geometryCentroid': [2.362614140705539, 48.65451228007044], 'workspaceName': 'public', 'processorName': 'MMCAT', 'correlationId': 'mmcat_471c500fceb734e7efdd20f2b6ef5d2a', 'publicationDate': '2022-01-22T12:26:41.157745854Z', 'illuminationElevationAngle': 20.28103143602451, 'productType': 'mono', 'workspaceId': '0e33eb50-3404-48ad-b835-b0b4b72a5625', 'expirationDate': '2032-02-03T11:47:37.423723587Z', 'incidenceAngleAcrossTrack': 5.550423285074634, 'illuminationAzimuthAngle': 163.1558404853264, 'incidenceAngleAlongTrack': -0.4471430823180222, 'incidenceAngle': 5.568181503591209, 'processingCenter': 'MOC', 'archiveIdentifier': 'DS_PHR1B_202201221055390_FR1_PX_E002N48_0516_03525', 'organisationName': 'AIRBUS DS GEO', 'snowCover': 0}",2ae962f2-9317-461f-b327-51740f881544,airbus,2022-01-22 10:55:39.055000+00:00,,,99.82096819942905,0.5,HOURS,438340,38,794.6013471434825,"POLYGON ((2.22619549 48.47741197, 2.33907278 48.47841864999999, 2.49918936 48.47808471, 2.50051515 48.83105679, 2.40020682 48.83186331999999, 2.22471314 48.83136241, 2.22619549 48.47741197))",261
267,d10fcc5b-5fe8-49a3-959e-1e29ab24a047,pneo,pneo,oneatlas,"{'qualified': False, 'lastUpdateDate': '2022-01-24T12:26:32Z', 'processingDate': '2022-01-10T11:27:05.266Z', 'azimuthAngle': 180.0257828658873, 'workspaceTitle': 'Workspace temporaire pour la data pneo', 'spectralRange': 'VISIBLE', 'productCategory': 'image', 'activityId': '8c8c1c74-e98b-41a9-b029-32990a113e63', 'processingLevel': 'ALBUM', 'acquisitionIdentifier': 'ACQ_PNEO3_01034201237421', 'sensorType': 'OPTICAL', 'productionStatus': 'ARCHIVED', 'geometryCentroid': [2.3383001589518497, 48.869491195890255], 'workspaceName': 'public-pneo', 'processorName': 'MMCAT', 'correlationId': 'mmcat_4f04ca257d31735b589a4e8d07bd2a51', 'publicationDate': '2022-01-10T11:59:23.133659691Z', 'illuminationElevationAngle': 17.907390288282837, 'productType': 'mono', 'workspaceId': '3e88441b-adc9-4be6-bd80-59d4fb69d5a7', 'expirationDate': '2032-01-22T12:25:30.350277484Z', 'incidenceAngleAcrossTrack': 0.3893303404929099, 'illuminationAzimuthAngle': 165.3987516294453, 'incidenceAngleAlongTrack': -7.2867419896411665, 'incidenceAngle': 7.296341562897508, 'processingCenter': 'MOC', 'organisationName': 'AIRBUS DS GEO', 'snowCover': 0}",d10fcc5b-5fe8-49a3-959e-1e29ab24a047,airbus,2022-01-10 10:57:38.747000+00:00,,,96.9,0.3,HOURS,372600,39,207.41285105564674,"POLYGON ((2.24144151 48.93497767, 2.24171816 48.80805307, 2.24171957 48.80727271, 2.24171899 48.80379604, 2.4349106 48.80365569, 2.43492812 48.80716107, 2.4349305 48.80794646999998, 2.43515881 48.93530329999999, 2.24144151 48.93497767))",267
83,957925db-ad58-4ac8-bd96-f2f8cebb0ae2,pneo,pneo,oneatlas,"{'commercialReference': '000037535', 'qualified': False, 'lastUpdateDate': '2022-08-20T17:01:27Z', 'processingDate': '2022-08-20T16:50:34.518Z', 'azimuthAngle': 139.43790326253722, 'workspaceTitle': 'Workspace temporaire pour la data pneo', 'spectralRange': 'VISIBLE', 'productCategory': 'image', 'activityId': 'e3b472c2-ab40-4209-a2b3-ee9b8b3e2cf5', 'processingLevel': 'SENSOR', 'acquisitionIdentifier': 'ACQ_PNEO4_01810503432121', 'sensorType': 'OPTICAL', 'customerReference': 'BP_PNEO_BO_OA_LL_Worldcities_27', 'productionStatus': 'IN_CLOUD', 'geometryCentroid': {'lat': 48.69232653544012, 'lon': 2.344214543810773}, 'workspaceName': 'public-pneo', 'processorName': 'SPICYv1.2.6', 'correlationId': 'PWOI_000037535_4_1_I_1', 'publicationDate': '2022-08-20T16:57:59.369919111Z', 'illuminationElevationAngle': 56.336242287674075, 'productType': 'bundle', 'workspaceId': '3e88441b-adc9-4be6-bd80-59d4fb69d5a7', 'expirationDate': '2023-08-20T17:01:27Z', 'incidenceAngleAcrossTrack': 9.314034438559974, 'illuminationAzimuthAngle': 150.67582796928332, 'format': 'SAFIR', 'internalLine': '4_1', 'incidenceAngleAlongTrack': 10.682161091483852, 'internalReference': 'SAL22031398', 'incidenceAngle': 13.843230286884275, 'processingCenter': '', 'organisationName': '', 'contractId': 'CTR22000671'}",957925db-ad58-4ac8-bd96-f2f8cebb0ae2,airbus,2022-08-03 10:50:39.177000+00:00,,,0.0,0.31,MINUTES,373734,40,234.22754809084785,"POLYGON ((2.24463545 48.76613093999999, 2.24507234 48.62204777, 2.4433906 48.61850845, 2.44379363 48.76233961, 2.24463545 48.76613093999999))",83
274,02d7e579-e525-4962-bfc3-12efdec3e1c6,pneo,pneo,oneatlas,"{'qualified': False, 'lastUpdateDate': '2022-01-11T13:05:10Z', 'processingDate': '2021-12-28T12:42:03.969Z', 'azimuthAngle': 180.06804879188613, 'workspaceTitle': 'Workspace temporaire pour la data pneo', 'spectralRange': 'VISIBLE', 'productCategory': 'image', 'activityId': '778e5429-394e-4c66-a798-578626c066eb', 'processingLevel': 'ALBUM', 'acquisitionIdentifier': 'ACQ_PNEO4_00934201135051', 'sensorType': 'OPTICAL', 'productionStatus': 'ARCHIVED', 'geometryCentroid': [2.3382474162718423, 48.86940381055237], 'workspaceName': 'public-pneo', 'processorName': 'MMCAT', 'correlationId': 'mmcat_e4cde44f3e636ca51e03a33dc5a22baa', 'publicationDate': '2021-12-28T12:48:30.314439896Z', 'illuminationElevationAngle': 16.688916957984592, 'productType': 'mono', 'workspaceId': '3e88441b-adc9-4be6-bd80-59d4fb69d5a7', 'expirationDate': '2032-01-09T13:04:53.300410928Z', 'incidenceAngleAcrossTrack': -1.1860784514196483, 'illuminationAzimuthAngle': 167.31260450812812, 'incidenceAngleAlongTrack': -1.325646112050337, 'incidenceAngle': 1.7790579507031434, 'processingCenter': 'MOC', 'organisationName': 'AIRBUS DS GEO', 'snowCover': 0}",02d7e579-e525-4962-bfc3-12efdec3e1c6,airbus,2021-12-28 10:57:46.609000+00:00,,,100.0,0.3,HOURS,369000,41,205.38225294344855,"POLYGON ((2.24207062 48.93490859, 2.2422541 48.80959704999999, 2.24225361 48.8088224, 2.24225967 48.80399871, 2.43416592 48.80380948, 2.43417318 48.80864658, 2.43417475 48.80942361999998, 2.43442422 48.9349555, 2.24207062 48.93490859))",274
226,27bf7fe7-0b9d-4157-8118-972f43de87f8,phr,phr,oneatlas,"{'qualified': False, 'sourceIdentifier': 'DS_PHR1B_202204291058310_FR1_PX_E002N48_0324_01467', 'acquisitionStation': 'SV1', 'archivingCenter': 'FR1', 'lastUpdateDate': '2022-05-13T17:18:08Z', 'processingDate': '2022-04-29T16:55:34.514Z', 'parentIdentifier': 'DS_PHR1B_202204291058310_FR1_PX_E002N48_0324_01467', 'azimuthAngle': 179.9830810397689, 'title': '', 'workspaceTitle': 'Public', 'spectralRange': 'VISIBLE', 'productCategory': 'image', 'activityId': '3829429c-956a-45d4-913e-2efcf5f6449e', 'processingLevel': 'ALBUM', 'acquisitionIdentifier': '', 'sensorType': 'OPTICAL', 'productionStatus': 'ARCHIVED', 'geometryCentroid': {'lat': 48.9752210468039, 'lon': 2.2229751942545697}, 'workspaceName': 'public', 'processorName': 'MMCAT', 'correlationId': '87e5be3a-457f-4c1f-834c-b47d8dbe7813', 'publicationDate': '2022-04-29T17:03:19.871068108Z', 'illuminationElevationAngle': 54.20911005204327, 'productType': 'mono', 'workspaceId': '0e33eb50-3404-48ad-b835-b0b4b72a5625', 'expirationDate': '2032-05-10T17:17:04.81726904Z', 'incidenceAngleAcrossTrack': 6.098064167361261, 'illuminationAzimuthAngle': 158.8031038220053, 'format': 'image/tiff', 'incidenceAngleAlongTrack': -17.97327564275792, 'incidenceAngle': 18.85725133982427, 'processingCenter': 'MOC', 'archiveIdentifier': 'DS_PHR1B_202204291058310_FR1_PX_E002N48_0324_01467', 'organisationName': 'AIRBUS DS GEO', 'snowCover': 0}",27bf7fe7-0b9d-4157-8118-972f43de87f8,airbus,2022-04-29 10:58:31.055000+00:00,,,59.5620727842059,0.5,HOURS,354720,42,378.6742718675157,"POLYGON ((2.07867142 48.89149744, 2.22673431 48.89580542, 2.36738272 48.89828312, 2.36792704 49.0588567, 2.23398514 49.0568093, 2.07802335 49.05231438, 2.07867142 48.89149744))",226
56,abbfca45-756d-4c94-aafc-ddd1088a731b,pneo,pneo,oneatlas,"{'commercialReference': '000042094', 'qualified': False, 'lastUpdateDate': '2022-09-16T15:30:34Z', 'processingDate': '2022-09-16T15:17:09.805Z', 'azimuthAngle': 53.380460249307355, 'workspaceTitle': 'Workspace temporaire pour la data pneo', 'spectralRange': 'VISIBLE', 'productCategory': 'image', 'activityId': '9ddd0119-3771-4edd-95aa-c932b5ec5db5', 'processingLevel': 'SENSOR', 'acquisitionIdentifier': 'ACQ_PNEO4_01910503785156', 'sensorType': 'OPTICAL', 'customerReference': 'BP_PNEO_BO_OA_LL_Worldcities_33', 'productionStatus': 'IN_CLOUD', 'geometryCentroid': {'lat': 48.724716028485595, 'lon': 2.357580419394121}, 'workspaceName': 'public-pneo', 'processorName': 'SPICYv1.2.6', 'correlationId': 'PWOI_000042094_4_1_I_1', 'publicationDate': '2022-09-16T15:26:46.840922644Z', 'illuminationElevationAngle': 48.9841128391244, 'productType': 'bundle', 'workspaceId': '3e88441b-adc9-4be6-bd80-59d4fb69d5a7', 'expirationDate': '2023-09-16T15:30:34Z', 'incidenceAngleAcrossTrack': 14.165341808505014, 'illuminationAzimuthAngle': 156.41319667759797, 'format': 'SAFIR', 'internalLine': '4_1', 'incidenceAngleAlongTrack': -10.139252528280615, 'internalReference': 'SAL22035425', 'incidenceAngle': 16.885260743043894, 'processingCenter': '', 'organisationName': '', 'contractId': 'CTR22000671'}",abbfca45-756d-4c94-aafc-ddd1088a731b,airbus,2022-08-29 10:50:07.870000+00:00,,,0.0,0.32,MINUTES,412902,43,229.56521867124974,"POLYGON ((2.25486757 48.79073023, 2.25535397 48.65353727, 2.45994213 48.65933784, 2.46029327 48.79587064, 2.25486757 48.79073023))",56
76,9956ee89-002f-45ea-aff9-a037ad0a6b8d,phr,phr,oneatlas,"{'qualified': False, 'sourceIdentifier': 'DS_PHR1B_202208041102548_FR1_PX_E002N49_0201_02560', 'acquisitionStation': 'FR1', 'archivingCenter': 'FR1', 'lastUpdateDate': '2022-08-24T15:31:21.485777965Z', 'processingDate': '2022-08-04T11:55:39.164Z', 'parentIdentifier': 'DS_PHR1B_202208041102548_FR1_PX_E002N49_0201_02560', 'azimuthAngle': 180.0221437450713, 'title': '', 'workspaceTitle': 'Public', 'spectralRange': 'VISIBLE', 'productCategory': 'image', 'activityId': 'f1409c98-2e0d-4d25-a323-df8b4fe5e932', 'processingLevel': 'ALBUM', 'acquisitionIdentifier': '', 'sensorType': 'OPTICAL', 'productionStatus': 'ARCHIVED', 'geometryCentroid': {'lat': 49.032777598837775, 'lon': 2.126132777023357}, 'workspaceName': 'public', 'processorName': 'MMCAT', 'correlationId': 'c1c12932-c22e-4c4c-834b-c249fd30f363', 'publicationDate': '2022-08-24T15:31:21.485777965Z', 'illuminationElevationAngle': 56.37349196706167, 'productType': 'mono', 'workspaceId': '0e33eb50-3404-48ad-b835-b0b4b72a5625', 'expirationDate': '2032-08-15T12:12:04.254741466Z', 'incidenceAngleAcrossTrack': -2.215695415441502, 'illuminationAzimuthAngle': 155.5125440075284, 'format': 'image/tiff', 'incidenceAngleAlongTrack': -7.910600027398167, 'incidenceAngle': 8.207518196943035, 'processingCenter': 'MOC', 'archiveIdentifier': 'DS_PHR1B_202208041102548_FR1_PX_E002N49_0201_02560', 'organisationName': 'AIRBUS DS GEO', 'snowCover': 0}",9956ee89-002f-45ea-aff9-a037ad0a6b8d,airbus,2022-08-04 11:02:54.806000+00:00,,,78.89694020805538,0.5,HOURS,285400,44,585.126235417412,"POLYGON ((1.98795911 48.90356489, 2.08850622 48.90377799, 2.26430544 48.90232757, 2.26487238 49.16228844, 2.19097273 49.16324153, 1.98739318 49.16324783, 1.98795911 48.90356489))",76
150,3de5623e-de03-48df-b136-a22d18b32d91,phr,phr,oneatlas,"{'qualified': False, 'sourceIdentifier': 'DS_PHR1B_202206201058309_FR1_PX_E002N49_0802_01712', 'acquisitionStation': 'SV1', 'archivingCenter': 'FR1', 'lastUpdateDate': '2022-07-04T18:17:28.357901365Z', 'processingDate': '2022-06-20T15:47:26.406Z', 'parentIdentifier': 'DS_PHR1B_202206201058309_FR1_PX_E002N49_0802_01712', 'azimuthAngle': 180.0026819111295, 'title': '', 'workspaceTitle': 'Public', 'spectralRange': 'VISIBLE', 'productCategory': 'image', 'activityId': '628fba99-4414-4494-af9b-4e83ecfdb0c1', 'processingLevel': 'ALBUM', 'acquisitionIdentifier': '', 'sensorType': 'OPTICAL', 'productionStatus': 'ARCHIVED', 'geometryCentroid': {'lat': 49.04136825622053, 'lon': 2.598535087829791}, 'workspaceName': 'public', 'processorName': 'MMCAT', 'correlationId': '31617231-1dc1-408f-852e-a89c1eb86f5e', 'publicationDate': '2022-07-04T18:17:28.357901365Z', 'illuminationElevationAngle': 62.50430104597707, 'productType': 'mono', 'workspaceId': '0e33eb50-3404-48ad-b835-b0b4b72a5625', 'expirationDate': '2032-07-01T16:17:06.356964566Z', 'incidenceAngleAcrossTrack': 3.321706950507723, 'illuminationAzimuthAngle': 152.811326446184, 'format': 'image/tiff', 'incidenceAngleAlongTrack': -14.78808300051949, 'incidenceAngle': 15.12526510607571, 'processingCenter': 'MOC', 'archiveIdentifier': 'DS_PHR1B_202206201058309_FR1_PX_E002N49_0802_01712', 'organisationName': 'AIRBUS DS GEO', 'snowCover': 0}",3de5623e-de03-48df-b136-a22d18b32d91,airbus,2022-06-20 10:58:30.931000+00:00,,,99.31250965392479,0.5,HOURS,156220,45,417.90981480456463,"POLYGON ((2.45709785 48.94914744, 2.57407149 48.95126207, 2.74001081 48.95231888999999, 2.74053912 49.13352878, 2.6511661 49.1333422, 2.45653105 49.13068456, 2.45709785 48.94914744))",150
66,e5672b3c-0192-4bb9-8c49-c3b5d85d2f5b,phr,phr,oneatlas,"{'qualified': False, 'sourceIdentifier': 'DS_PHR1B_202208301102379_FR1_PX_E002N49_0203_02786', 'acquisitionStation': 'FR1', 'archivingCenter': 'FR1', 'lastUpdateDate': '2022-08-30T12:02:41.208856128Z', 'processingDate': '2022-08-30T11:45:20.7Z', 'parentIdentifier': 'DS_PHR1B_202208301102379_FR1_PX_E002N49_0203_02786', 'azimuthAngle': 179.9715740247374, 'title': '', 'workspaceTitle': 'Public', 'spectralRange': 'VISIBLE', 'productCategory': 'image', 'activityId': '5ce2e736-06ed-4301-9edf-b604abd6811d', 'processingLevel': 'ALBUM', 'acquisitionIdentifier': '', 'sensorType': 'OPTICAL', 'productionStatus': 'ARCHIVED', 'geometryCentroid': {'lat': 49.089675149274576, 'lon': 2.126249148799662}, 'workspaceName': 'public', 'processorName': 'MMCAT', 'correlationId': '625e20c8-6fc9-477e-b3e0-773252b6fb6f', 'publicationDate': '2022-08-30T12:02:41.208856128Z', 'illuminationElevationAngle': 48.65884824447019, 'productType': 'mono', 'workspaceId': '0e33eb50-3404-48ad-b835-b0b4b72a5625', 'expirationDate': '2032-08-27T12:02:04.790680634Z', 'incidenceAngleAcrossTrack': -0.004657282016232306, 'illuminationAzimuthAngle': 161.0652560077561, 'format': 'image/tiff', 'incidenceAngleAlongTrack': -14.63695261499972, 'incidenceAngle': 14.63695329347479, 'processingCenter': 'MOC', 'archiveIdentifier': 'DS_PHR1B_202208301102379_FR1_PX_E002N49_0203_02786', 'organisationName': 'AIRBUS DS GEO', 'snowCover': 0}",e5672b3c-0192-4bb9-8c49-c3b5d85d2f5b,airbus,2022-08-30 11:02:37.930000+00:00,,,62.78949656844022,0.5,HOURS,210620,46,679.3204887312519,"POLYGON ((1.98535803 48.941533, 2.00546331 48.941550779999986, 2.10180065 48.94224099, 2.26732099 48.9414045, 2.26793546 49.23728283, 2.22034728 49.2377325, 2.12268441 49.238067829999984, 1.98456284 49.23712525, 1.98535803 48.941533))",66
100,f22a6d5c-82de-4979-8c83-b526009d4bbc,pneo,pneo,oneatlas,"{'qualified': False, 'lastUpdateDate': '2022-08-08T06:38:44.762441508Z', 'processingDate': '2022-08-06T12:28:03.861Z', 'azimuthAngle': 179.40952499431575, 'title': '', 'workspaceTitle': 'Workspace temporaire pour la data pneo', 'spectralRange': 'VISIBLE', 'productCategory': 'image', 'activityId': 'ae9cbd3b-bef7-4dd7-84ef-01aa9b3c66be', 'processingLevel': 'ALBUM', 'acquisitionIdentifier': 'ACQ_PNEO3_01834203471054', 'sensorType': 'OPTICAL', 'productionStatus': 'ARCHIVED', 'geometryCentroid': {'lat': 48.80191826360821, 'lon': 2.0579600857767946}, 'workspaceName': 'public-pneo', 'processorName': 'MMCAT', 'correlationId': '2a3e24e8-7d1b-419c-afd1-adb4be1b7b6b', 'publicationDate': '2022-08-08T06:38:44.762441508Z', 'illuminationElevationAngle': 56.251294149550226, 'productType': 'mono', 'workspaceId': '3e88441b-adc9-4be6-bd80-59d4fb69d5a7', 'expirationDate': '2032-08-05T06:37:04.273416078Z', 'incidenceAngleAcrossTrack': 23.545265785110033, 'illuminationAzimuthAngle': 153.06874978068797, 'format': 'image/tiff', 'incidenceAngleAlongTrack': -43.11033947604629, 'incidenceAngle': 44.11865913120667, 'processingCenter': 'MOC', 'organisationName': 'AIRBUS DS GEO', 'snowCover': 0}",f22a6d5c-82de-4979-8c83-b526009d4bbc,airbus,2022-08-06 10:56:34.504000+00:00,,,0.0,0.3,HOURS,300600,47,258.45004233160194,"POLYGON ((1.9259019 48.843630629999986, 1.92573276 48.72346334, 2.19018741 48.76102517, 2.18991141 48.88030369, 1.9259019 48.843630629999986))",100
38,17e8a074-97d6-488e-875f-dec744fb80d6,phr,phr,oneatlas,"{'qualified': False, 'sourceIdentifier': 'DS_PHR1A_202210271106485_FR1_PX_E002N48_0222_00596', 'acquisitionStation': 'FR1', 'archivingCenter': 'FR1', 'lastUpdateDate': '2022-10-27T11:48:23.636478605Z', 'processingDate': '2022-10-27T11:36:18.019Z', 'parentIdentifier': 'DS_PHR1A_202210271106485_FR1_PX_E002N48_0222_00596', 'azimuthAngle': 180.1136112745045, 'title': '', 'workspaceTitle': 'Public', 'spectralRange': 'VISIBLE', 'productCategory': 'image', 'activityId': '33826cc9-7636-402f-b918-a3601798f481', 'processingLevel': 'ALBUM', 'acquisitionIdentifier': '', 'sensorType': 'OPTICAL', 'productionStatus': 'ARCHIVED', 'geometryCentroid': {'lat': 48.88418134190665, 'lon': 2.1255228760291596}, 'workspaceName': 'public', 'processorName': 'MMCAT', 'correlationId': 'b5645138-0a13-43ee-be06-a736bec2372a', 'publicationDate': '2022-10-27T11:48:23.636478605Z', 'illuminationElevationAngle': 28.10874813953958, 'productType': 'mono', 'workspaceId': '0e33eb50-3404-48ad-b835-b0b4b72a5625', 'expirationDate': '2032-10-24T11:47:14.347659861Z', 'incidenceAngleAcrossTrack': -8.055712942876035, 'illuminationAzimuthAngle': 171.886746172792, 'format': 'image/tiff', 'incidenceAngleAlongTrack': -9.426388392064606, 'incidenceAngle': 12.30695181662474, 'processingCenter': 'MOC', 'archiveIdentifier': 'DS_PHR1A_202210271106485_FR1_PX_E002N48_0222_00596', 'organisationName': 'AIRBUS DS GEO', 'snowCover': 0}",17e8a074-97d6-488e-875f-dec744fb80d6,airbus,2022-10-27 11:06:48.556000+00:00,,,85.40474652393257,0.5,HOURS,120430,48,137.15659832144638,"POLYGON ((1.98451104 48.91620642, 1.98441868 48.90232068, 1.98455398 48.85658397, 2.0180319 48.85642897, 2.15632861 48.8546607, 2.26649891 48.85199785, 2.26662707 48.91181824, 2.24640189 48.91233528999999, 2.10783383 48.9150186, 1.98451104 48.91620642))",38
39,41e00b84-80f4-45fa-8d94-a24228c3f4a4,phr,phr,oneatlas,"{'commercialReference': 'SO22060689', 'qualified': False, 'sourceIdentifier': 'DS_PHR1B_202210211102293_FR1_PX_E002N48_0224_01724', 'acquisitionStation': 'SV1', 'archivingCenter': 'FR1', 'lastUpdateDate': '2022-10-25T00:06:45.597414243Z', 'processingDate': '2022-10-22T03:39:39.204', 'parentIdentifier': 'DS_PHR1B_202210211103063_FR1_PX_E002N48_0224_01728', 'azimuthAngle': 180.0076991631926, 'workspaceTitle': 'Public', 'spectralRange': 'VISIBLE', 'productCategory': 'image', 'activityId': '15882c25-8e6f-481c-aaec-941e16658ff4', 'processingLevel': 'SENSOR', 'acquisitionIdentifier': '', 'sensorType': 'OPTICAL', 'customerReference': 'C301000', 'productionStatus': 'IN_CLOUD', 'geometryCentroid': {'lat': 48.98807539370952, 'lon': 2.126170765468589}, 'workspaceName': 'public', 'processorName': 'DRS-MM V2.9vV2.9', 'correlationId': '0a0a37e5-472e-4f02-a1ae-6ee175bb8dee', 'publicationDate': '2022-10-25T00:06:45.597414243Z', 'illuminationElevationAngle': 29.98737078776644, 'productType': 'bundle', 'workspaceId': '0e33eb50-3404-48ad-b835-b0b4b72a5625', 'expirationDate': '2023-10-25T00:06:45.597422753Z', 'incidenceAngleAcrossTrack': -5.024221829090946, 'illuminationAzimuthAngle': 170.6084311693724, 'format': 'image/jp2', 'incidenceAngleAlongTrack': 1.927538719364556, 'incidenceAngle': 5.377757906965842, 'processingCenter': 'FCMUGC', 'archiveIdentifier': 'DS_PHR1B_202210211103063_FR1_PX_E002N48_0224_01728', 'organisationName': 'AIRBUS DS GEO'}",41e00b84-80f4-45fa-8d94-a24228c3f4a4,airbus,2022-10-21 11:03:06.306000+00:00,,,12.73,0.5,MINUTES,287000,49,385.25290300469953,"POLYGON ((2.26430932 49.07405057, 1.98803221 49.07329895, 1.98822323 48.90203428, 2.26405828 48.90239862, 2.26430932 49.07405057))",39
